Date,Children_apprehended_CBP,Children_in_CBP_custody,Children_transferred_to_HHS,Children_in_HHS_Care,Children_discharged_HHS
2021-01-11,,,,8150,212
2021-01-12,,,,8198,212
2021-01-13,,,,8246,212
2021-01-14,,,,8294,212
2021-01-15,,,,8342,212
2021-01-16,,,,8390,212
2021-01-17,,,,8437,212
2021-01-18,,,,8485,212
2021-01-19,,,,8533,212
2021-01-20,,,,8581,212
2021-01-21,,,,8629,212
2021-01-22,,,,8677,212
2021-01-23,,,,8725,211
2021-01-24,,,,8773,211
2021-01-25,,,,8821,211
2021-01-26,,,,8869,211
2021-01-27,,,,8916,211
2021-01-28,,,,8964,211
2021-01-29,,,,9012,211
2021-01-30,,,,9060,211
2021-01-31,,,,9108,211
2021-02-01,,,,9156,211
2021-02-02,,,,9204,211
2021-02-03,,,,9252,211
2021-02-04,,,,9300,211
2021-02-05,,,,9348,211
2021-02-06,,,,9395,211
2021-02-07,,,,9443,211
2021-02-08,,,,9491,211
2021-02-09,,,,9539,211
2021-02-10,,,,9587,211
2021-02-11,,,,9635,211
2021-02-12,,,,9683,211
2021-02-13,,,,9731,211
2021-02-14,,,,9779,211
2021-02-15,,,,9827,211
2021-02-16,,,,9874,210
2021-02-17,,,,9922,210
2021-02-18,,,,9970,210
2021-02-19,,,,10018,210
2021-02-20,,,,10066,210
2021-02-21,,,,10114,210
2021-02-22,,,,10162,210
2021-02-23,,,,10210,210
2021-02-24,,,,10258,210
2021-02-25,,,,10306,210
2021-02-26,,,,10353,210
2021-02-27,,,,10401,210
2021-02-28,,,,10449,210
2021-03-01,,,,10497,210
2021-03-02,,,,10545,210
2021-03-03,,,,10593,210
2021-03-04,,,,10641,210
2021-03-05,,,,10689,210
2021-03-06,,,,10737,210
2021-03-07,,,,10785,210
2021-03-08,,,,10832,210
2021-03-09,,,,10880,210
2021-03-10,,,,10928,210
2021-03-11,,,,10976,210
2021-03-12,,,,11024,209
2021-03-13,,,,11072,209
2021-03-14,,,,11120,209
2021-03-15,,,,11168,209
2021-03-16,,,,11216,209
2021-03-17,,,,11264,209
2021-03-18,,,,11311,209
2021-03-19,,,,11359,209
2021-03-20,,,,11407,209
2021-03-21,,,,11455,209
2021-03-22,,,,11503,209
2021-03-23,,,,11551,209
2021-03-24,,,,11900,268
2021-03-25,,,,12551,280
2021-03-26,,,,12329,269
2021-03-27,,,,12108,259
2021-03-28,,,,11886,248
2021-03-29,,,,12035,229
2021-03-30,,,,12918,215
2021-03-31,,,,13204,244
2021-04-01,,,,13359,288
2021-04-02,,,,13668,273
2021-04-03,,,,13978,257
2021-04-04,,,,14287,242
2021-04-05,,,,15193,239
2021-04-06,,,,16045,282
2021-04-07,,,,16489,342
2021-04-08,,,,16941,301
2021-04-09,,,,17303,277
2021-04-10,,,,17665,252
2021-04-11,,,,18027,228
2021-04-12,,,,18773,243
2021-04-13,,,,19120,303
2021-04-14,,,,19537,356
2021-04-15,,,,19798,374
2021-04-16,,,,19981,338
2021-04-17,,,,20163,302
2021-04-18,,,,20346,266
2021-04-19,,,,20468,260
2021-04-20,,,,20544,335
2021-04-21,,,,20544,335
2021-04-22,,,,21272,401
2021-04-23,,,,21500,394
2021-04-24,,,,21728,386
2021-04-25,,,,21956,379
2021-04-26,,,,22103,349
2021-04-27,,,,22276,472
2021-04-28,,,,22538,413
2021-04-29,,,,22557,580
2021-04-30,,,,22459,548
2021-05-01,,,,22362,517
2021-05-02,,,,22264,485
2021-05-03,,,,22219,452
2021-05-04,,,,22174,420
2021-05-05,,,,21848,708
2021-05-06,,,,21563,775
2021-05-07,,,,21338,703
2021-05-08,,,,21113,630
2021-05-09,,,,20888,558
2021-05-10,,,,20669,559
2021-05-11,,,,20519,583
2021-05-12,,,,20397,431
2021-05-13,,,,20060,595
2021-05-14,,,,19856,555
2021-05-15,,,,19653,514
2021-05-16,,,,19449,474
2021-05-17,,,,19343,427
2021-05-18,,,,19387,444
2021-05-19,,,,19334,577
2021-05-20,,,,19171,518
2021-05-21,,,,18843,588
2021-05-22,,,,18515,659
2021-05-23,,,,18187,729
2021-05-24,,,,18122,454
2021-05-25,,,,18168,284
2021-05-26,,,,17847,640
2021-05-27,,,,17670,559
2021-05-28,,,,17513,500
2021-05-29,,,,17356,441
2021-05-30,,,,17199,382
2021-05-31,,,,17042,323
2021-06-01,,,,16874,547
2021-06-02,,,,16763,507
2021-06-03,,,,16513,605
2021-06-04,,,,16354,592
2021-06-05,,,,16196,579
2021-06-06,,,,16037,566
2021-06-07,,,,16264,407
2021-06-08,,,,16250,300
2021-06-09,,,,16190,445
2021-06-10,,,,16035,575
2021-06-11,,,,15800,626
2021-06-12,,,,15565,678
2021-06-13,,,,15330,729
2021-06-14,,,,15365,412
2021-06-15,,,,15341,398
2021-06-16,,,,15308,427
2021-06-17,,,,15098,472
2021-06-18,,,,14888,516
2021-06-19,,,,14677,560
2021-06-20,,,,14467,605
2021-06-21,,,,14661,411
2021-06-22,,,,14894,350
2021-06-23,,,,14596,698
2021-06-24,,,,14837,491
2021-06-25,,,,14636,553
2021-06-26,,,,14434,616
2021-06-27,,,,14233,678
2021-06-28,,,,14465,413
2021-06-29,,,,14738,370
2021-06-30,,,,14739,419
2021-07-01,,,,14416,623
2021-07-02,,,,14447,584
2021-07-03,,,,14478,546
2021-07-04,,,,14508,507
2021-07-05,,,,14539,468
2021-07-06,,,,14852,356
2021-07-07,,,,14842,374
2021-07-08,,,,14788,540
2021-07-09,,,,14860,474
2021-07-10,,,,14932,409
2021-07-11,,,,15004,343
2021-07-12,,,,15100,428
2021-07-13,,,,15177,355
2021-07-14,,,,15112,452
2021-07-15,,,,19920,611
2021-07-16,,,,18043,637
2021-07-17,,,,16165,663
2021-07-18,,,,14288,689
2021-07-19,,,,14319,467
2021-07-20,,,,14186,466
2021-07-21,,,,14278,528
2021-07-22,,,,14153,762
2021-07-23,,,,13990,732
2021-07-24,,,,13826,703
2021-07-25,,,,13663,673
2021-07-26,,,,13752,338
2021-07-27,,,,13833,461
2021-07-28,,,,13943,484
2021-07-29,,,,14013,524
2021-07-30,,,,14052,546
2021-07-31,,,,14091,568
2021-08-01,,,,14130,590
2021-08-02,,,,14365,253
2021-08-03,,,,14609,360
2021-08-04,,,,14523,612
2021-08-05,,,,14781,582
2021-08-06,,,,14948,581
2021-08-07,,,,15115,579
2021-08-08,,,,15282,578
2021-08-09,,,,15660,364
2021-08-10,,,,16033,474
2021-08-11,,,,16492,455
2021-08-12,,,,16282,743
2021-08-13,,,,16256,664
2021-08-14,,,,16231,586
2021-08-15,,,,16205,507
2021-08-16,,,,16376,381
2021-08-17,,,,16216,671
2021-08-18,,,,16147,410
2021-08-19,,,,15735,827
2021-08-20,,,,15708,667
2021-08-21,,,,15682,506
2021-08-22,,,,15655,346
2021-08-23,,,,15452,627
2021-08-24,,,,15185,642
2021-08-25,,,,14894,719
2021-08-26,,,,15131,634
2021-08-27,,,,15069,573
2021-08-28,,,,15006,511
2021-08-29,,,,14944,450
2021-08-30,,,,14840,552
2021-08-31,,,,14911,408
2021-09-01,,,,14946,420
2021-09-02,,,,14851,679
2021-09-03,,,,14710,627
2021-09-04,,,,14570,575
2021-09-05,,,,14429,523
2021-09-06,,,,14288,471
2021-09-07,,,,14192,402
2021-09-08,,,,13973,548
2021-09-09,,,,13598,706
2021-09-10,,,,13530,606
2021-09-11,,,,13461,506
2021-09-12,,,,13393,406
2021-09-13,,,,13273,558
2021-09-14,,,,13348,426
2021-09-15,,,,13179,527
2021-09-16,,,,13109,484
2021-09-17,,,,13001,452
2021-09-18,,,,12892,419
2021-09-19,,,,12784,387
2021-09-20,,,,12724,426
2021-09-21,,,,12759,376
2021-09-22,,,,12903,523
2021-09-23,,,,12696,580
2021-09-24,,,,12611,510
2021-09-25,,,,12525,441
2021-09-26,,,,12440,371
2021-09-27,,,,12452,531
2021-09-28,,,,12459,321
2021-09-29,,,,12273,644
2021-09-30,,,,12337,476
2021-10-01,,,,12220,517
2021-10-02,,,,12104,558
2021-10-03,,,,11987,599
2021-10-04,,,,12047,317
2021-10-05,,,,11923,413
2021-10-06,,,,11745,470
2021-10-07,,,,11500,520
2021-10-08,,,,11476,447
2021-10-09,,,,11452,374
2021-10-10,,,,11428,301
2021-10-11,,,,11404,228
2021-10-12,,,,11464,306
2021-10-13,,,,11236,536
2021-10-14,,,,11161,418
2021-10-15,,,,11074,386
2021-10-16,,,,10986,354
2021-10-17,,,,10899,322
2021-10-18,,,,10894,314
2021-10-19,,,,10972,235
2021-10-20,,,,10951,337
2021-10-21,,,,10964,386
2021-10-22,,,,10896,374
2021-10-23,,,,10827,363
2021-10-24,,,,10759,351
2021-10-25,,,,10857,253
2021-10-26,,,,10974,269
2021-10-27,,,,10926,317
2021-10-28,,,,10926,317
2021-10-29,,,,10844,311
2021-10-30,,,,10762,305
2021-10-31,,,,10680,299
2021-11-01,,,,10834,230
2021-11-02,,,,10997,264
2021-11-03,,,,11121,367
2021-11-04,,,,11183,420
2021-11-05,,,,11168,387
2021-11-06,,,,11154,355
2021-11-07,,,,11139,322
2021-11-08,,,,11372,267
2021-11-09,,,,11742,209
2021-11-10,,,,11743,278
2021-11-11,,,,11744,346
2021-11-12,,,,11720,325
2021-11-13,,,,11696,305
2021-11-14,,,,11672,284
2021-11-15,,,,11759,271
2021-11-16,,,,11955,263
2021-11-17,,,,11870,414
2021-11-18,,,,11928,390
2021-11-19,,,,11930,385
2021-11-20,,,,11932,380
2021-11-21,,,,11934,375
2021-11-22,,,,12031,310
2021-11-23,,,,12082,310
2021-11-24,,,,12132,310
2021-11-25,,,,12183,310
2021-11-26,,,,12234,310
2021-11-27,,,,12284,310
2021-11-28,,,,12335,310
2021-11-29,,,,12617,160
2021-11-30,,,,12957,204
2021-12-01,,,,12997,421
2021-12-02,,,,12867,511
2021-12-03,,,,12761,483
2021-12-04,,,,12655,455
2021-12-05,,,,12549,427
2021-12-06,,,,12860,412
2021-12-07,,,,13248,288
2021-12-08,,,,13152,420
2021-12-09,,,,13072,512
2021-12-10,,,,12974,459
2021-12-11,,,,12877,407
2021-12-12,,,,12779,354
2021-12-13,,,,12662,400
2021-12-14,,,,12739,321
2021-12-15,,,,12624,482
2021-12-16,,,,12401,519
2021-12-17,,,,12235,536
2021-12-18,,,,12070,554
2021-12-19,,,,11904,571
2021-12-20,,,,11995,379
2021-12-21,,,,11997,385
2021-12-22,,,,11949,438
2021-12-23,,,,11818,394
2021-12-24,,,,11687,350
2021-12-25,,,,11557,305
2021-12-26,,,,11426,261
2021-12-27,,,,11295,217
2021-12-28,,,,11227,232
2021-12-29,,,,11099,333
2021-12-30,,,,10574,358
2021-12-31,,,,10048,384
2022-01-01,,,,9523,410
2022-01-02,,,,8998,435
2022-01-03,,,,9872,186
2022-01-04,,,,8575,350
2022-01-05,,,,8243,434
2022-01-06,,,,9280,283
2022-01-07,,,,8310,332
2022-01-08,,,,7340,380
2022-01-09,,,,7142,279
2022-01-10,,,,8276,302
2022-01-11,,,,6850,267
2022-01-12,,,,8071,201
2022-01-13,,,,7949,257
2022-01-14,,,,7416,232
2022-01-15,,,,6884,208
2022-01-16,,,,6351,183
2022-01-17,,,,6583,168
2022-01-18,,,,6756,144
2022-01-19,,,,8147,214
2022-01-20,,,,8254,256
2022-01-21,,,,8344,241
2022-01-22,,,,8435,227
2022-01-23,,,,8525,212
2022-01-24,,,,8783,151
2022-01-25,,,,8970,169
2022-01-26,,,,7565,262
2022-01-27,,,,9096,242
2022-01-28,,,,9184,254
2022-01-29,,,,9273,265
2022-01-30,,,,9361,277
2022-01-31,,,,9307,296
2022-02-01,,,,9351,214
2022-02-02,,,,9525,201
2022-02-03,,,,9643,150
2022-02-04,,,,9610,234
2022-02-05,,,,9576,317
2022-02-06,,,,9543,401
2022-02-07,,,,9487,392
2022-02-08,,,,9584,294
2022-02-09,,,,9540,276
2022-02-10,,,,9596,403
2022-02-11,,,,9552,371
2022-02-12,,,,9509,339
2022-02-13,,,,9465,307
2022-02-14,,,,9614,297
2022-02-15,,,,9757,233
2022-02-16,,,,9781,289
2022-02-17,,,,9808,346
2022-02-18,,,,9806,320
2022-02-19,,,,9804,294
2022-02-20,,,,9803,269
2022-02-21,,,,9801,243
2022-02-22,,,,9955,204
2022-02-23,,,,10020,287
2022-02-24,,,,10049,259
2022-02-25,,,,10043,305
2022-02-26,,,,10038,352
2022-02-27,,,,10032,398
2022-02-28,,,,10107,334
2022-03-01,,,,9981,374
2022-03-02,,,,9964,402
2022-03-03,,,,9938,431
2022-03-04,,,,9836,402
2022-03-05,,,,9735,372
2022-03-06,,,,9633,343
2022-03-07,,,,9634,355
2022-03-08,,,,9781,292
2022-03-09,,,,9783,369
2022-03-10,,,,9824,359
2022-03-11,,,,9805,347
2022-03-12,,,,9786,336
2022-03-13,,,,9767,324
2022-03-14,,,,9825,316
2022-03-15,,,,9909,323
2022-03-16,,,,10012,295
2022-03-17,,,,9968,363
2022-03-18,,,,9985,335
2022-03-19,,,,10001,307
2022-03-20,,,,10018,279
2022-03-21,,,,10031,353
2022-03-22,,,,10158,210
2022-03-23,,,,10351,310
2022-03-24,,,,10278,356
2022-03-25,,,,10219,348
2022-03-26,,,,10160,340
2022-03-27,,,,10101,332
2022-03-28,,,,10140,344
2022-03-29,,,,10248,261
2022-03-30,,,,10293,298
2022-03-31,,,,10465,306
2022-04-01,,,,10419,360
2022-04-02,,,,10372,413
2022-04-03,,,,10326,467
2022-04-04,,,,10448,271
2022-04-05,,,,10370,422
2022-04-06,,,,10364,361
2022-04-07,,,,10328,389
2022-04-08,,,,10210,376
2022-04-09,,,,10092,363
2022-04-10,,,,9974,350
2022-04-11,,,,9801,429
2022-04-12,,,,9905,298
2022-04-13,,,,9934,328
2022-04-14,,,,9748,521
2022-04-15,,,,9658,447
2022-04-16,,,,9568,374
2022-04-17,,,,9478,300
2022-04-18,,,,9421,383
2022-04-19,,,,9412,247
2022-04-20,,,,9419,287
2022-04-21,,,,9274,450
2022-04-22,,,,9111,437
2022-04-23,,,,8948,423
2022-04-24,,,,8785,410
2022-04-25,,,,8725,344
2022-04-26,,,,8741,274
2022-04-27,,,,8675,340
2022-04-28,,,,8608,363
2022-04-29,,,,8531,399
2022-04-30,,,,8453,436
2022-05-01,,,,8376,472
2022-05-02,,,,8390,321
2022-05-03,,,,8437,232
2022-05-04,,,,8488,266
2022-05-05,,,,8385,406
2022-05-06,,,,8385,400
2022-05-07,,,,8385,393
2022-05-08,,,,8385,387
2022-05-09,,,,8574,181
2022-05-10,,,,8654,348
2022-05-11,,,,8826,241
2022-05-12,,,,9022,304
2022-05-13,,,,9031,287
2022-05-14,,,,9041,271
2022-05-15,,,,9050,254
2022-05-16,,,,9152,311
2022-05-17,,,,9325,298
2022-05-18,,,,9252,340
2022-05-19,,,,9332,326
2022-05-20,,,,9352,314
2022-05-21,,,,9372,303
2022-05-22,,,,9392,291
2022-05-23,,,,9505,322
2022-05-24,,,,9656,230
2022-05-25,,,,9823,271
2022-05-26,,,,9915,360
2022-05-27,,,,9956,321
2022-05-28,,,,9996,282
2022-05-29,,,,10037,244
2022-05-30,,,,10078,205
2022-05-31,,,,10341,231
2022-06-01,,,,10571,244
2022-06-02,,,,10608,374
2022-06-03,,,,10224,469
2022-06-04,,,,10212,462
2022-06-05,,,,10199,454
2022-06-06,,,,10187,447
2022-06-07,,,,10240,304
2022-06-08,,,,10248,420
2022-06-09,,,,10313,379
2022-06-10,,,,10243,381
2022-06-11,,,,10174,382
2022-06-12,,,,10104,384
2022-06-13,,,,10297,285
2022-06-14,,,,10259,415
2022-06-15,,,,10167,443
2022-06-16,,,,10198,395
2022-06-17,,,,10318,379
2022-06-18,,,,10439,364
2022-06-19,,,,10560,348
2022-06-20,,,,10680,332
2022-06-21,,,,10961,174
2022-06-22,,,,11253,360
2022-06-23,,,,11360,368
2022-06-24,,,,11361,429
2022-06-25,,,,11362,491
2022-06-26,,,,11363,552
2022-06-27,,,,11467,288
2022-06-28,,,,11760,304
2022-06-29,,,,11883,311
2022-06-30,,,,11912,418
2022-07-01,,,,11895,406
2022-07-02,,,,11878,394
2022-07-03,,,,11860,383
2022-07-04,,,,11843,371
2022-07-05,,,,11913,279
2022-07-06,,,,11905,412
2022-07-07,,,,11977,391
2022-07-08,,,,11844,429
2022-07-09,,,,11711,466
2022-07-10,,,,11578,504
2022-07-11,,,,11535,449
2022-07-12,,,,11567,341
2022-07-13,,,,11644,318
2022-07-14,,,,11568,491
2022-07-15,,,,11542,496
2022-07-16,,,,11516,502
2022-07-17,,,,11490,507
2022-07-18,,,,11483,362
2022-07-19,,,,11541,311
2022-07-20,,,,11540,479
2022-07-21,,,,11642,351
2022-07-22,,,,11496,396
2022-07-23,,,,11349,440
2022-07-24,,,,11203,485
2022-07-25,,,,11268,213
2022-07-26,,,,11225,369
2022-07-27,,,,11156,456
2022-07-28,,,,11080,383
2022-07-29,,,,10869,412
2022-07-30,,,,10658,442
2022-07-31,,,,10447,471
2022-08-01,,,,10445,370
2022-08-02,,,,10393,378
2022-08-03,,,,10293,374
2022-08-04,,,,10172,416
2022-08-05,,,,10073,450
2022-08-06,,,,9975,484
2022-08-07,,,,9876,518
2022-08-08,,,,9881,331
2022-08-09,,,,9884,281
2022-08-10,,,,9774,423
2022-08-11,,,,9760,315
2022-08-12,,,,9609,332
2022-08-13,,,,9459,349
2022-08-14,,,,9308,366
2022-08-15,,,,9248,280
2022-08-16,,,,9278,240
2022-08-17,,,,9435,275
2022-08-18,,,,9315,404
2022-08-19,,,,9239,399
2022-08-20,,,,9163,393
2022-08-21,,,,9087,388
2022-08-22,,,,9170,190
2022-08-23,,,,9131,278
2022-08-24,,,,9107,297
2022-08-25,,,,9070,367
2022-08-26,,,,8963,355
2022-08-27,,,,8856,342
2022-08-28,,,,8749,330
2022-08-29,,,,8814,317
2022-08-30,,,,9029,238
2022-08-31,,,,9073,286
2022-09-01,,,,9100,284
2022-09-02,,,,9072,269
2022-09-03,,,,9044,254
2022-09-04,,,,9017,238
2022-09-05,,,,8989,223
2022-09-06,,,,9015,232
2022-09-07,,,,9141,246
2022-09-08,,,,9146,310
2022-09-09,,,,9141,306
2022-09-10,,,,9137,301
2022-09-11,,,,9132,297
2022-09-12,,,,9179,263
2022-09-13,,,,9348,225
2022-09-14,,,,9480,249
2022-09-15,,,,9496,295
2022-09-16,,,,9406,289
2022-09-17,,,,9315,282
2022-09-18,,,,9225,276
2022-09-19,,,,9382,251
2022-09-20,,,,9449,233
2022-09-21,,,,9535,243
2022-09-22,,,,9530,339
2022-09-23,,,,9439,345
2022-09-24,,,,9347,350
2022-09-25,,,,9256,356
2022-09-26,,,,9267,279
2022-09-27,,,,9355,200
2022-09-28,,,,9450,220
2022-09-29,,,,9490,244
2022-09-30,,,,9531,267
2022-10-01,,,,9572,290
2022-10-02,,,,9612,314
2022-10-03,,,,9634,307
2022-10-04,,,,9592,258
2022-10-05,,,,9517,304
2022-10-06,,,,9441,350
2022-10-07,,,,9470,325
2022-10-08,,,,9498,300
2022-10-09,,,,9527,274
2022-10-10,,,,9556,249
2022-10-11,,,,9715,218
2022-10-12,,,,9731,280
2022-10-13,,,,9735,287
2022-10-14,,,,9690,318
2022-10-15,,,,9645,350
2022-10-16,,,,9600,381
2022-10-17,,,,9640,258
2022-10-18,,,,9743,236
2022-10-19,,,,9814,282
2022-10-20,,,,9734,365
2022-10-21,,,,9664,372
2022-10-22,,,,9593,379
2022-10-23,,,,9523,386
2022-10-24,,,,9620,258
2022-10-25,,,,9652,245
2022-10-26,,,,9668,300
2022-10-27,,,,9580,392
2022-10-28,,,,9538,384
2022-10-29,,,,9497,377
2022-10-30,,,,9455,369
2022-10-31,,,,9538,265
2022-11-01,,,,9662,262
2022-11-02,,,,9756,295
2022-11-03,,,,9676,354
2022-11-04,,,,9654,346
2022-11-05,,,,9633,337
2022-11-06,,,,9611,329
2022-11-07,,,,9645,266
2022-11-08,,,,9754,267
2022-11-09,,,,9775,317
2022-11-10,,,,9745,337
2022-11-11,,,,9715,358
2022-11-12,,,,9685,378
2022-11-13,,,,9655,398
2022-11-14,,,,9773,298
2022-11-15,,,,9892,247
2022-11-16,,,,9925,323
2022-11-17,,,,9874,361
2022-11-18,,,,9833,398
2022-11-19,,,,9793,436
2022-11-20,,,,9752,473
2022-11-21,,,,9976,277
2022-11-22,,,,10050,311
2022-11-23,,,,10076,307
2022-11-24,,,,10102,302
2022-11-25,,,,10127,298
2022-11-26,,,,10153,293
2022-11-27,,,,10179,289
2022-11-28,,,,10321,290
2022-11-29,,,,10507,220
2022-11-30,,,,10640,295
2022-12-01,,,,10677,398
2022-12-02,,,,10661,404
2022-12-03,,,,10646,409
2022-12-04,,,,10630,415
2022-12-05,,,,10750,349
2022-12-06,,,,10812,301
2022-12-07,,,,10743,398
2022-12-08,,,,10744,373
2022-12-09,,,,10629,395
2022-12-10,,,,10515,416
2022-12-11,,,,10400,438
2022-12-12,,,,10646,378
2022-12-13,,,,10893,317
2022-12-14,,,,11016,314
2022-12-15,,,,10908,408
2022-12-16,,,,10817,429
2022-12-17,,,,10726,450
2022-12-18,,,,10635,471
2022-12-19,,,,10683,333
2022-12-20,,,,10710,313
2022-12-21,,,,10600,441
2022-12-22,,,,10568,427
2022-12-23,,,,10514,419
2022-12-24,,,,10460,412
2022-12-25,,,,10406,404
2022-12-26,,,,10352,396
2022-12-27,,,,10280,318
2022-12-28,,,,10239,330
2022-12-29,,,,10265,244
2022-12-30,,,,10001,258
2022-12-31,,,,9737,271
2023-01-01,,,,9472,285
2023-01-02,,,,9208,299
2023-01-03,,,,8944,313
2023-01-04,,,,8680,326
2023-01-05,,,,8416,340
2023-01-06,,,,8151,354
2023-01-07,,,,7887,367
2023-01-08,,,,7623,381
2023-01-09,,,,7359,395
2023-01-10,,,,7094,409
2023-01-11,,,,6830,422
2023-01-12,,,,6566,436
2023-01-13,,,,6622,415
2023-01-14,,,,6677,394
2023-01-15,,,,6733,373
2023-01-16,,,,6788,352
2023-01-17,,,,6844,332
2023-01-18,,,,6900,311
2023-01-19,,,,6955,290
2023-01-20,,,,7011,269
2023-01-21,,,,7066,248
2023-01-22,,,,7122,227
2023-01-23,,,,7280,181
2023-01-24,,,,7433,175
2023-01-25,,,,7538,180
2023-01-26,,,,7522,211
2023-01-27,,,,7505,242
2023-01-28,,,,7488,272
2023-01-29,,,,7472,303
2023-01-30,,,,7743,196
2023-01-31,,,,7803,158
2023-02-01,,,,7903,231
2023-02-02,,,,7879,298
2023-02-03,,,,7781,313
2023-02-04,,,,7684,327
2023-02-05,,,,7586,342
2023-02-06,,,,7720,196
2023-02-07,,,,7855,200
2023-02-08,,,,7915,317
2023-02-09,,,,7908,353
2023-02-10,,,,7750,341
2023-02-11,,,,7592,329
2023-02-12,,,,7434,317
2023-02-13,,,,7483,244
2023-02-14,,,,7794,223
2023-02-15,,,,7869,290
2023-02-16,,,,7793,361
2023-02-17,,,,7799,323
2023-02-18,,,,7805,285
2023-02-19,,,,7811,247
2023-02-20,,,,7817,209
2023-02-21,,,,7967,213
2023-02-22,,,,7978,232
2023-02-23,,,,7914,386
2023-02-24,,,,7812,365
2023-02-25,,,,7711,344
2023-02-26,,,,7609,323
2023-02-27,,,,7800,248
2023-02-28,,,,7896,200
2023-03-01,,,,7930,307
2023-03-02,,,,7870,335
2023-03-03,,,,7868,320
2023-03-04,,,,7866,305
2023-03-05,,,,7863,289
2023-03-06,,,,7861,274
2023-03-07,,,,7859,259
2023-03-08,,,,7885,291
2023-03-09,,,,7786,340
2023-03-10,,,,7731,317
2023-03-11,,,,7676,294
2023-03-12,,,,7622,272
2023-03-13,,,,7567,249
2023-03-14,,,,7810,181
2023-03-15,,,,7915,286
2023-03-16,,,,7989,308
2023-03-17,,,,7954,307
2023-03-18,,,,7920,307
2023-03-19,,,,7885,306
2023-03-20,,,,7931,279
2023-03-21,,,,8050,221
2023-03-22,,,,8097,246
2023-03-23,,,,8102,331
2023-03-24,,,,8017,338
2023-03-25,,,,7932,345
2023-03-26,,,,7847,352
2023-03-27,,,,7994,235
2023-03-28,,,,8079,223
2023-03-29,,,,8208,267
2023-03-30,,,,8158,359
2023-03-31,,,,8099,341
2023-04-01,,,,8040,322
2023-04-02,,,,7981,304
2023-04-03,,,,8054,284
2023-04-04,,,,8068,259
2023-04-05,,,,8175,260
2023-04-06,,,,8178,284
2023-04-07,,,,8085,299
2023-04-08,,,,7993,314
2023-04-09,,,,7900,329
2023-04-10,,,,7826,265
2023-04-11,,,,7922,187
2023-04-12,,,,7876,283
2023-04-13,,,,7795,370
2023-04-14,,,,7657,337
2023-04-15,,,,7518,305
2023-04-16,,,,7380,272
2023-04-17,,,,7344,248
2023-04-18,,,,7376,234
2023-04-19,,,,7356,229
2023-04-20,,,,7490,320
2023-04-21,,,,7505,302
2023-04-22,,,,7519,284
2023-04-23,,,,7534,266
2023-04-24,,,,7796,213
2023-04-25,,,,8017,202
2023-04-26,,,,8117,256
2023-04-27,,,,8159,310
2023-04-28,,,,8223,304
2023-04-29,,,,8288,299
2023-04-30,,,,8352,293
2023-05-01,,,,8492,237
2023-05-02,,,,8654,245
2023-05-03,,,,8704,267
2023-05-04,,,,8790,332
2023-05-05,,,,8688,346
2023-05-06,,,,8587,361
2023-05-07,,,,8485,375
2023-05-08,,,,8590,261
2023-05-09,,,,8606,250
2023-05-10,,,,8681,304
2023-05-11,,,,8672,392
2023-05-12,,,,8596,357
2023-05-13,,,,8521,323
2023-05-14,,,,8445,288
2023-05-15,,,,8571,277
2023-05-16,,,,8572,272
2023-05-17,,,,8569,307
2023-05-18,,,,8474,351
2023-05-19,,,,8258,348
2023-05-20,,,,8042,346
2023-05-21,,,,7826,343
2023-05-22,,,,7848,240
2023-05-23,,,,7788,246
2023-05-24,,,,7709,276
2023-05-25,,,,7546,408
2023-05-26,,,,7408,358
2023-05-27,,,,7271,308
2023-05-28,,,,7134,257
2023-05-29,,,,6996,207
2023-05-30,,,,7046,168
2023-05-31,,,,7053,210
2023-06-01,,,,7002,287
2023-06-02,,,,6853,289
2023-06-03,,,,6704,290
2023-06-04,,,,6555,292
2023-06-05,,,,6523,189
2023-06-06,,,,6508,187
2023-06-07,,,,6483,208
2023-06-08,,,,6446,255
2023-06-09,,,,6300,249
2023-06-10,,,,6153,244
2023-06-11,,,,6007,238
2023-06-12,,,,6021,177
2023-06-13,,,,6061,146
2023-06-14,,,,6065,167
2023-06-15,,,,6038,272
2023-06-16,,,,5948,240
2023-06-17,,,,5858,207
2023-06-18,,,,5769,174
2023-06-19,,,,5679,142
2023-06-20,,,,5904,134
2023-06-21,,,,5922,149
2023-06-22,,,,5956,207
2023-06-23,,,,5893,226
2023-06-24,,,,5829,244
2023-06-25,,,,5766,263
2023-06-26,,,,5819,174
2023-06-27,,,,5917,155
2023-06-28,,,,5999,174
2023-06-29,,,,6058,213
2023-06-30,,,,6006,245
2023-07-01,,,,5955,277
2023-07-02,,,,5903,309
2023-07-03,,,,6015,216
2023-07-04,,,,6127,124
2023-07-05,,,,6193,167
2023-07-06,,,,6239,205
2023-07-07,,,,6231,202
2023-07-08,,,,6222,199
2023-07-09,,,,6214,196
2023-07-10,,,,6346,163
2023-07-11,,,,6498,143
2023-07-12,,,,6521,210
2023-07-13,,,,6604,226
2023-07-14,,,,6559,223
2023-07-15,,,,6513,221
2023-07-16,,,,6468,218
2023-07-17,,,,6632,160
2023-07-18,,,,6874,181
2023-07-19,,,,7001,226
2023-07-20,,,,7116,281
2023-07-21,,,,7095,279
2023-07-22,,,,7073,278
2023-07-23,,,,7052,276
2023-07-24,,,,7220,187
2023-07-25,,,,7510,136
2023-07-26,,,,7647,215
2023-07-27,,,,7754,259
2023-07-28,,,,7726,274
2023-07-29,,,,7699,290
2023-07-30,,,,7671,305
2023-07-31,,,,7800,220
2023-08-01,,,,8103,168
2023-08-02,,,,8261,271
2023-08-03,,,,8294,339
2023-08-04,,,,8295,333
2023-08-05,,,,8297,328
2023-08-06,,,,8298,322
2023-08-07,,,,8493,202
2023-08-08,,,,8725,207
2023-08-09,,,,8888,251
2023-08-10,,,,8914,353
2023-08-11,,,,9034,342
2023-08-12,,,,9154,331
2023-08-13,,,,9274,320
2023-08-14,,,,9394,310
2023-08-15,,,,9514,299
2023-08-16,,,,9634,288
2023-08-17,,,,9694,407
2023-08-18,,,,9624,401
2023-08-19,,,,9553,396
2023-08-20,,,,9483,390
2023-08-21,,,,9668,281
2023-08-22,,,,9921,230
2023-08-23,,,,10071,285
2023-08-24,,,,10026,443
2023-08-25,,,,9975,458
2023-08-26,,,,9924,473
2023-08-27,,,,9873,488
2023-08-28,,,,10012,388
2023-08-29,,,,10180,286
2023-08-30,,,,10280,366
2023-08-31,,,,10140,505
2023-09-01,,,,10102,452
2023-09-02,,,,10064,399
2023-09-03,,,,10026,346
2023-09-04,,,,9988,293
2023-09-05,,,,10142,243
2023-09-06,,,,10356,291
2023-09-07,,,,10419,398
2023-09-08,,,,10373,393
2023-09-09,,,,10328,387
2023-09-10,,,,10282,382
2023-09-11,,,,10492,277
2023-09-12,,,,10649,316
2023-09-13,,,,10678,343
2023-09-14,,,,10837,414
2023-09-15,,,,10824,418
2023-09-16,,,,10812,423
2023-09-17,,,,10799,427
2023-09-18,,,,10892,313
2023-09-19,,,,11095,260
2023-09-20,,,,11064,364
2023-09-21,,,,11067,428
2023-09-22,,,,10959,420
2023-09-23,,,,10852,411
2023-09-24,,,,10744,403
2023-09-25,,,,10842,284
2023-09-26,,,,10978,332
2023-09-27,,,,11017,331
2023-09-28,,,,10984,447
2023-09-29,,,,10855,462
2023-09-30,,,,10727,478
2023-10-01,,,,10598,493
2023-10-02,,,,10724,284
2023-10-03,,,,10818,287
2023-10-04,,,,10963,330
2023-10-05,,,,11130,427
2023-10-06,,,,11051,391
2023-10-07,,,,10972,354
2023-10-08,,,,10894,318
2023-10-09,,,,10815,282
2023-10-10,,,,10910,257
2023-10-11,,,,10960,266
2023-10-12,,,,10992,398
2023-10-13,,,,10852,410
2023-10-14,,,,10711,422
2023-10-15,,,,10571,434
2023-10-16,,,,10629,331
2023-10-17,,,,10630,315
2023-10-18,,,,10511,393
2023-10-19,,,,10319,406
2023-10-20,,,,10048,422
2023-10-21,,,,9777,438
2023-10-22,,,,9506,454
2023-10-23,,,,9436,327
2023-10-24,,,,9396,300
2023-10-25,,,,9351,293
2023-10-26,,,,9235,390
2023-10-27,,,,9132,399
2023-10-28,,,,9028,409
2023-10-29,,,,8925,418
2023-10-30,,,,9026,278
2023-10-31,,,,9072,295
2023-11-01,,,,9250,279
2023-11-02,,,,9442,330
2023-11-03,,,,9386,343
2023-11-04,,,,9329,357
2023-11-05,,,,9273,370
2023-11-06,,,,9286,316
2023-11-07,,,,9483,231
2023-11-08,,,,9634,310
2023-11-09,,,,9595,311
2023-11-10,,,,9556,312
2023-11-11,,,,9516,312
2023-11-12,,,,9477,313
2023-11-13,,,,9510,287
2023-11-14,,,,9665,247
2023-11-15,,,,9762,316
2023-11-16,,,,9762,374
2023-11-17,,,,9699,394
2023-11-18,,,,9636,415
2023-11-19,,,,9573,435
2023-11-20,,,,9638,298
2023-11-21,,,,9804,250
2023-11-22,,,,9821,266
2023-11-23,,,,9838,283
2023-11-24,,,,9840,293
2023-11-25,,,,9843,302
2023-11-26,,,,9845,312
2023-11-27,,,,10123,214
2023-11-28,,,,10223,223
2023-11-29,,,,10398,284
2023-11-30,,,,10536,320
2023-12-01,,,,10550,352
2023-12-02,,,,10565,385
2023-12-03,,,,10579,417
2023-12-04,,,,10635,273
2023-12-05,,,,10761,261
2023-12-06,,,,10832,376
2023-12-07,,,,10897,466
2023-12-08,,,,10888,448
2023-12-09,,,,10880,429
2023-12-10,,,,10871,411
2023-12-11,,,,10998,304
2023-12-12,,,,11077,259
2023-12-13,,,,11192,335
2023-12-14,,,,11242,396
2023-12-15,,,,11192,416
2023-12-16,,,,11142,436
2023-12-17,,,,11092,456
2023-12-18,,,,11149,364
2023-12-19,,,,11291,272
2023-12-20,,,,11516,390
2023-12-21,,,,11375,497
2023-12-22,,,,11317,460
2023-12-23,,,,11260,422
2023-12-24,,,,11202,384
2023-12-25,,,,11144,347
2023-12-26,,,,11217,288
2023-12-27,,,,11206,335
2023-12-28,,,,11230,357
2023-12-29,,,,11140,340
2023-12-30,,,,11050,324
2023-12-31,,,,10960,307
2024-01-01,,,,10870,290
2024-01-02,,,,10770,316
2024-01-03,,,,10718,263
2024-01-04,,,,10558,362
2024-01-05,,,,10262,364
2024-01-06,,,,9966,365
2024-01-07,,,,9670,367
2024-01-08,,,,9670,367
2024-01-09,,,,9311,286
2024-01-10,,,,9144,349
2024-01-11,,,,8829,476
2024-01-12,,,,8630,416
2024-01-13,,,,8431,355
2024-01-14,,,,8232,294
2024-01-15,,,,8033,234
2024-01-16,,,,8133,188
2024-01-17,,,,8072,353
2024-01-18,,,,8042,359
2024-01-19,,,,8019,363
2024-01-20,,,,7997,367
2024-01-21,,,,7974,371
2024-01-22,,,,8008,222
2024-01-23,,,,8133,202
2024-01-24,,,,8212,243
2024-01-25,,,,8180,293
2024-01-26,,,,8121,298
2024-01-27,,,,8063,302
2024-01-28,,,,8004,307
2024-01-29,,,,8057,195
2024-01-30,,,,8182,187
2024-01-31,203.0,477.0,258.0,8153,266
2024-02-01,222.0,459.0,289.0,8026,337
2024-02-02,222.0,459.0,289.0,7955,339
2024-02-03,222.0,459.0,289.0,7884,340
2024-02-04,253.0,531.0,248.0,7813,342
2024-02-05,157.0,466.0,345.0,7872,242
2024-02-06,291.0,455.0,323.0,8045,178
2024-02-07,227.0,453.0,330.0,8160,222
2024-02-08,298.0,499.0,358.0,8188,315
2024-02-09,298.0,499.0,358.0,8144,326
2024-02-10,298.0,499.0,358.0,8100,336
2024-02-11,205.0,515.0,226.0,8056,347
2024-02-12,213.0,430.0,440.0,8092,234
2024-02-13,227.0,369.0,349.0,8348,160
2024-02-14,185.0,322.0,272.0,8512,230
2024-02-15,333.0,508.0,272.0,8463,312
2024-02-16,333.0,508.0,272.0,8442,288
2024-02-17,333.0,508.0,272.0,8422,265
2024-02-18,333.0,508.0,272.0,8401,242
2024-02-19,249.0,420.0,371.0,8380,218
2024-02-20,149.0,395.0,273.0,8488,192
2024-02-21,232.0,430.0,318.0,8573,231
2024-02-22,165.0,400.0,292.0,8607,293
2024-02-23,165.0,400.0,292.0,8539,305
2024-02-24,165.0,400.0,292.0,8472,317
2024-02-25,244.0,482.0,366.0,8404,329
2024-02-26,199.0,438.0,326.0,8404,329
2024-02-27,197.0,369.0,306.0,8650,206
2024-02-28,209.0,447.0,274.0,8699,257
2024-02-29,262.0,444.0,354.0,8724,299
2024-03-01,262.0,444.0,354.0,8681,317
2024-03-02,262.0,444.0,354.0,8637,336
2024-03-03,236.0,468.0,347.0,8594,354
2024-03-04,225.0,509.0,340.0,8660,229
2024-03-05,246.0,472.0,345.0,8800,214
2024-03-06,230.0,457.0,277.0,8870,232
2024-03-07,181.0,424.0,328.0,8902,305
2024-03-08,181.0,424.0,328.0,8839,328
2024-03-09,181.0,424.0,328.0,8777,350
2024-03-10,190.0,368.0,326.0,8714,373
2024-03-11,178.0,336.0,290.0,8757,253
2024-03-12,154.0,294.0,290.0,8843,213
2024-03-13,165.0,358.0,167.0,8819,239
2024-03-14,166.0,301.0,252.0,8695,310
2024-03-15,166.0,301.0,252.0,8588,321
2024-03-16,166.0,301.0,252.0,8480,331
2024-03-17,127.0,260.0,259.0,8373,342
2024-03-18,123.0,243.0,188.0,8333,283
2024-03-19,99.0,202.0,256.0,8390,197
2024-03-20,91.0,181.0,174.0,8365,227
2024-03-21,132.0,261.0,141.0,8292,235
2024-03-22,132.0,261.0,141.0,8161,281
2024-03-23,132.0,261.0,141.0,8030,327
2024-03-24,124.0,264.0,221.0,7899,373
2024-03-25,128.0,242.0,224.0,7899,229
2024-03-26,187.0,276.0,200.0,7919,208
2024-03-27,129.0,287.0,185.0,7893,215
2024-03-28,161.0,288.0,248.0,7762,360
2024-03-29,161.0,288.0,248.0,7594,336
2024-03-30,161.0,288.0,248.0,7425,311
2024-03-31,105.0,254.0,151.0,7257,287
2024-04-01,109.0,235.0,171.0,7271,172
2024-04-02,101.0,230.0,175.0,7340,132
2024-04-03,124.0,230.0,190.0,7346,163
2024-04-04,95.0,226.0,152.0,7317,225
2024-04-05,95.0,226.0,152.0,7205,243
2024-04-06,95.0,226.0,152.0,7094,261
2024-04-07,106.0,239.0,233.0,6982,279
2024-04-08,102.0,230.0,167.0,6988,199
2024-04-09,118.0,231.0,217.0,7043,130
2024-04-10,117.0,244.0,142.0,6999,227
2024-04-11,183.0,221.0,220.0,6912,285
2024-04-12,183.0,221.0,220.0,6818,287
2024-04-13,183.0,221.0,220.0,6724,288
2024-04-14,128.0,245.0,243.0,6630,290
2024-04-15,144.0,303.0,176.0,6681,191
2024-04-16,219.0,392.0,205.0,6685,163
2024-04-17,182.0,371.0,274.0,6725,227
2024-04-18,144.0,322.0,258.0,6728,260
2024-04-19,144.0,322.0,258.0,6734,253
2024-04-20,144.0,322.0,258.0,6739,247
2024-04-21,208.0,380.0,343.0,6745,240
2024-04-22,176.0,424.0,251.0,6799,214
2024-04-23,252.0,427.0,307.0,6967,134
2024-04-24,253.0,411.0,307.0,7128,154
2024-04-25,145.0,357.0,333.0,7209,217
2024-04-26,145.0,357.0,333.0,7239,228
2024-04-27,145.0,357.0,333.0,7268,239
2024-04-28,158.0,349.0,365.0,7298,250
2024-04-29,140.0,292.0,255.0,7373,187
2024-04-30,220.0,443.0,194.0,7431,135
2024-05-01,197.0,437.0,295.0,7508,190
2024-05-02,206.0,411.0,293.0,7577,194
2024-05-03,206.0,411.0,293.0,7534,240
2024-05-04,206.0,411.0,293.0,7490,286
2024-05-05,150.0,315.0,228.0,7447,332
2024-05-06,173.0,337.0,211.0,7449,205
2024-05-07,176.0,334.0,246.0,7566,163
2024-05-08,167.0,374.0,205.0,7583,202
2024-05-09,138.0,285.0,268.0,7570,244
2024-05-10,138.0,285.0,268.0,7535,244
2024-05-11,138.0,285.0,268.0,7499,245
2024-05-12,138.0,301.0,263.0,7464,245
2024-05-13,112.0,331.0,167.0,7499,157
2024-05-14,246.0,419.0,218.0,7546,186
2024-05-15,115.0,285.0,341.0,7589,265
2024-05-16,206.0,340.0,214.0,7565,234
2024-05-17,206.0,340.0,214.0,7495,255
2024-05-18,206.0,340.0,214.0,7426,277
2024-05-19,143.0,295.0,278.0,7356,298
2024-05-20,111.0,268.0,217.0,7368,192
2024-05-21,196.0,348.0,176.0,7404,145
2024-05-22,168.0,349.0,272.0,7474,208
2024-05-23,193.0,272.0,314.0,7494,227
2024-05-24,193.0,272.0,314.0,7462,212
2024-05-25,193.0,272.0,314.0,7430,197
2024-05-26,193.0,272.0,314.0,7397,182
2024-05-27,156.0,344.0,252.0,7365,167
2024-05-28,153.0,348.0,239.0,7418,151
2024-05-29,182.0,462.0,158.0,7491,141
2024-05-30,167.0,406.0,339.0,7563,190
2024-05-31,167.0,406.0,339.0,7557,229
2024-06-01,167.0,406.0,339.0,7552,267
2024-06-02,159.0,330.0,322.0,7546,306
2024-06-03,109.0,244.0,257.0,7596,224
2024-06-04,260.0,356.0,176.0,7565,203
2024-06-05,173.0,345.0,291.0,7691,198
2024-06-06,179.0,326.0,282.0,7741,238
2024-06-07,179.0,326.0,282.0,7644,263
2024-06-08,179.0,326.0,282.0,7548,287
2024-06-09,116.0,289.0,166.0,7451,312
2024-06-10,184.0,334.0,229.0,7439,212
2024-06-11,186.0,352.0,224.0,7493,156
2024-06-12,152.0,266.0,274.0,7548,212
2024-06-13,167.0,293.0,230.0,7544,259
2024-06-14,167.0,293.0,230.0,7465,271
2024-06-15,167.0,293.0,230.0,7386,282
2024-06-16,204.0,315.0,233.0,7307,294
2024-06-17,159.0,310.0,272.0,7318,224
2024-06-18,160.0,297.0,253.0,7340,214
2024-06-19,204.0,321.0,246.0,7433,198
2024-06-20,145.0,247.0,243.0,7431,235
2024-06-21,145.0,247.0,243.0,7370,255
2024-06-22,145.0,247.0,243.0,7308,274
2024-06-23,102.0,227.0,201.0,7247,294
2024-06-24,116.0,175.0,172.0,7239,202
2024-06-25,172.0,263.0,191.0,7239,202
2024-06-26,132.0,235.0,197.0,7268,187
2024-06-27,174.0,208.0,256.0,7248,268
2024-06-28,174.0,208.0,256.0,7123,270
2024-06-29,174.0,208.0,256.0,6999,271
2024-06-30,123.0,230.0,167.0,6874,273
2024-07-01,123.0,233.0,159.0,6825,229
2024-07-02,141.0,232.0,188.0,6823,184
2024-07-03,141.0,232.0,188.0,6806,204
2024-07-04,158.0,226.0,191.0,6790,225
2024-07-05,158.0,226.0,191.0,6726,221
2024-07-06,158.0,226.0,191.0,6663,217
2024-07-07,96.0,160.0,233.0,6599,213
2024-07-08,141.0,173.0,129.0,6617,123
2024-07-09,116.0,181.0,182.0,6651,130
2024-07-10,150.0,157.0,201.0,6649,177
2024-07-11,80.0,176.0,125.0,6640,197
2024-07-12,80.0,176.0,125.0,6529,210
2024-07-13,80.0,176.0,125.0,6419,224
2024-07-14,116.0,188.0,164.0,6308,237
2024-07-15,105.0,185.0,158.0,6283,171
2024-07-16,136.0,246.0,123.0,6239,173
2024-07-17,128.0,228.0,177.0,6228,187
2024-07-18,128.0,228.0,177.0,6186,206
2024-07-19,128.0,228.0,177.0,6143,224
2024-07-20,128.0,228.0,177.0,6100,243
2024-07-21,90.0,196.0,205.0,6058,262
2024-07-22,102.0,189.0,155.0,6002,234
2024-07-23,120.0,257.0,126.0,5965,170
2024-07-24,137.0,272.0,166.0,5927,177
2024-07-25,93.0,198.0,208.0,5954,194
2024-07-26,93.0,198.0,208.0,5884,198
2024-07-27,93.0,198.0,208.0,5813,203
2024-07-28,152.0,290.0,199.0,5743,207
2024-07-29,114.0,210.0,219.0,5819,163
2024-07-30,125.0,203.0,208.0,5930,92
2024-07-31,140.0,261.0,163.0,5963,154
2024-08-01,227.0,298.0,212.0,6016,169
2024-08-02,227.0,298.0,212.0,5992,169
2024-08-03,227.0,298.0,212.0,5967,170
2024-08-04,63.0,167.0,143.0,5943,170
2024-08-05,172.0,259.0,138.0,5950,150
2024-08-06,163.0,283.0,200.0,5998,143
2024-08-07,135.0,273.0,207.0,6038,174
2024-08-08,119.0,230.0,213.0,6084,174
2024-08-09,119.0,230.0,213.0,6021,199
2024-08-10,119.0,230.0,213.0,5957,224
2024-08-11,95.0,211.0,140.0,5894,249
2024-08-12,109.0,219.0,155.0,5903,148
2024-08-13,162.0,239.0,189.0,5981,123
2024-08-14,109.0,226.0,191.0,5987,178
2024-08-15,124.0,241.0,156.0,5895,220
2024-08-16,124.0,241.0,156.0,5870,206
2024-08-17,124.0,241.0,156.0,5846,192
2024-08-18,86.0,244.0,235.0,5821,178
2024-08-19,176.0,254.0,162.0,5865,158
2024-08-20,136.0,274.0,245.0,5995,112
2024-08-21,134.0,245.0,167.0,6028,156
2024-08-22,182.0,307.0,205.0,6054,171
2024-08-23,182.0,307.0,205.0,6074,156
2024-08-24,182.0,307.0,205.0,6093,141
2024-08-25,182.0,307.0,205.0,6113,127
2024-08-26,,,,6132,112
2024-08-27,149.0,285.0,222.0,6152,97
2024-08-28,170.0,285.0,178.0,6227,134
2024-08-29,145.0,295.0,188.0,6250,169
2024-08-30,145.0,295.0,188.0,6236,159
2024-08-31,145.0,295.0,188.0,6221,149
2024-09-01,145.0,295.0,188.0,6206,139
2024-09-02,133.0,270.0,198.0,6192,129
2024-09-03,131.0,263.0,177.0,6272,112
2024-09-04,121.0,231.0,219.0,6375,114
2024-09-05,126.0,230.0,175.0,6448,121
2024-09-06,126.0,230.0,175.0,6403,154
2024-09-07,126.0,230.0,175.0,6357,188
2024-09-08,123.0,255.0,164.0,6312,221
2024-09-09,144.0,275.0,190.0,6353,141
2024-09-10,131.0,251.0,180.0,6396,148
2024-09-11,93.0,248.0,175.0,6410,162
2024-09-12,184.0,280.0,210.0,6360,220
2024-09-13,81.0,200.0,212.0,6326,279
2024-09-14,81.0,200.0,212.0,6280,244
2024-09-15,98.0,220.0,167.0,6234,210
2024-09-16,113.0,209.0,160.0,6229,164
2024-09-17,159.0,304.0,139.0,6227,160
2024-09-18,116.0,213.0,217.0,6245,149
2024-09-19,93.0,196.0,169.0,6270,188
2024-09-20,93.0,196.0,169.0,6176,191
2024-09-21,93.0,196.0,169.0,6083,194
2024-09-22,124.0,234.0,161.0,5989,197
2024-09-23,92.0,203.0,173.0,6002,165
2024-09-24,186.0,259.0,172.0,6023,143
2024-09-25,154.0,225.0,220.0,6050,169
2024-09-26,91.0,199.0,172.0,6090,185
2024-09-27,91.0,199.0,172.0,6035,182
2024-09-28,91.0,199.0,172.0,5980,180
2024-09-29,81.0,213.0,153.0,5925,177
2024-09-30,209.0,285.0,184.0,5967,138
2024-10-01,184.0,314.0,217.0,6040,137
2024-10-02,107.0,215.0,230.0,6091,173
2024-10-03,101.0,162.0,178.0,6118,193
2024-10-04,101.0,162.0,178.0,6080,183
2024-10-05,101.0,162.0,178.0,6043,173
2024-10-06,101.0,162.0,178.0,6006,163
2024-10-07,99.0,190.0,176.0,5968,153
2024-10-08,167.0,239.0,166.0,6013,123
2024-10-09,115.0,216.0,169.0,6047,137
2024-10-10,84.0,158.0,193.0,6075,159
2024-10-11,84.0,158.0,193.0,6013,176
2024-10-12,84.0,158.0,193.0,5951,193
2024-10-13,130.0,227.0,192.0,5889,210
2024-10-14,88.0,214.0,160.0,5935,106
2024-10-15,113.0,208.0,159.0,6013,107
2024-10-16,174.0,285.0,150.0,6036,129
2024-10-17,104.0,230.0,206.0,6076,160
2024-10-18,104.0,230.0,206.0,6023,172
2024-10-19,104.0,230.0,206.0,5971,183
2024-10-20,147.0,276.0,214.0,5918,195
2024-10-21,108.0,220.0,213.0,5966,154
2024-10-22,180.0,280.0,146.0,6043,109
2024-10-23,134.0,294.0,186.0,6077,138
2024-10-24,134.0,294.0,186.0,6051,152
2024-10-25,134.0,294.0,186.0,6026,165
2024-10-26,134.0,294.0,186.0,6000,178
2024-10-27,202.0,313.0,158.0,5974,192
2024-10-28,110.0,272.0,193.0,6008,156
2024-10-29,166.0,277.0,229.0,6106,126
2024-10-30,136.0,276.0,178.0,6149,160
2024-10-31,87.0,246.0,173.0,6148,177
2024-11-01,87.0,246.0,173.0,6095,179
2024-11-02,87.0,246.0,173.0,6043,182
2024-11-03,84.0,171.0,157.0,5990,184
2024-11-04,167.0,209.0,157.0,6007,132
2024-11-05,109.0,245.0,159.0,6045,126
2024-11-06,156.0,256.0,176.0,6086,137
2024-11-07,125.0,232.0,192.0,6084,177
2024-11-08,125.0,232.0,192.0,6054,169
2024-11-09,125.0,232.0,192.0,6024,161
2024-11-10,125.0,232.0,192.0,5993,153
2024-11-11,118.0,139.0,168.0,5963,145
2024-11-12,142.0,235.0,139.0,5975,138
2024-11-13,148.0,245.0,175.0,5966,151
2024-11-14,119.0,219.0,210.0,6025,172
2024-11-15,119.0,219.0,210.0,5955,180
2024-11-16,119.0,219.0,210.0,5886,187
2024-11-17,105.0,210.0,149.0,5816,195
2024-11-18,143.0,203.0,163.0,5819,138
2024-11-19,119.0,209.0,152.0,5844,146
2024-11-20,155.0,212.0,181.0,5879,148
2024-11-21,109.0,214.0,173.0,5850,210
2024-11-22,109.0,214.0,173.0,5788,209
2024-11-23,109.0,214.0,173.0,5726,208
2024-11-24,191.0,283.0,192.0,5664,207
2024-11-25,170.0,297.0,196.0,5715,129
2024-11-26,152.0,272.0,214.0,5826,112
2024-11-27,239.0,367.0,224.0,5862,211
2024-11-28,113.0,280.0,237.0,5963,143
2024-11-29,113.0,280.0,237.0,5971,145
2024-11-30,113.0,280.0,237.0,5978,147
2024-12-01,196.0,306.0,187.0,5986,149
2024-12-02,236.0,330.0,222.0,6061,115
2024-12-03,81.0,230.0,242.0,6192,107
2024-12-04,118.0,245.0,160.0,6269,115
2024-12-05,218.0,283.0,208.0,6310,150
2024-12-06,218.0,283.0,208.0,6302,157
2024-12-07,218.0,283.0,208.0,6294,165
2024-12-08,132.0,243.0,183.0,6286,172
2024-12-09,224.0,315.0,152.0,6268,174
2024-12-10,167.0,326.0,213.0,6310,149
2024-12-11,209.0,353.0,232.0,6402,152
2024-12-12,153.0,253.0,286.0,6481,194
2024-12-13,153.0,253.0,286.0,6457,204
2024-12-14,153.0,253.0,286.0,6432,214
2024-12-15,180.0,337.0,219.0,6408,224
2024-12-16,133.0,287.0,189.0,6454,149
2024-12-17,187.0,310.0,247.0,6506,151
2024-12-18,168.0,285.0,210.0,6598,134
2024-12-19,269.0,412.0,204.0,6600,238
2024-12-20,269.0,412.0,204.0,6598,248
2024-12-21,269.0,412.0,204.0,6597,258
2024-12-22,100.0,255.0,236.0,6595,268
2024-12-23,205.0,294.0,177.0,6548,231
2024-12-24,161.0,304.0,211.0,6622,155
2024-12-25,57.0,162.0,193.0,6689,107
2024-12-26,80.0,122.0,152.0,6707,135
2024-12-27,80.0,122.0,152.0,6626,162
2024-12-28,80.0,122.0,152.0,6546,189
2024-12-29,107.0,170.0,133.0,6465,216
2024-12-30,99.0,156.0,139.0,6454,177
2024-12-31,99.0,156.0,139.0,6430,160
2025-01-01,25.0,66.0,94.0,6405,144
2025-01-02,35.0,70.0,53.0,6292,170
2025-01-03,35.0,70.0,53.0,6155,175
2025-01-04,35.0,70.0,53.0,6019,180
2025-01-05,43.0,73.0,64.0,5882,185
2025-01-06,41.0,60.0,71.0,5769,190
2025-01-07,65.0,83.0,65.0,5703,133
2025-01-08,38.0,80.0,82.0,5605,184
2025-01-09,56.0,82.0,68.0,5507,164
2025-01-10,56.0,82.0,68.0,5369,188
2025-01-11,56.0,82.0,68.0,5230,211
2025-01-12,74.0,103.0,80.0,5092,235
2025-01-13,68.0,107.0,102.0,5019,181
2025-01-14,92.0,124.0,93.0,4957,139
2025-01-15,113.0,162.0,107.0,4903,164
2025-01-16,106.0,196.0,131.0,4881,159
2025-01-17,106.0,196.0,131.0,4797,165
2025-01-18,106.0,196.0,131.0,4712,170
2025-01-19,86.0,152.0,168.0,4628,176
2025-01-20,84.0,118.0,136.0,4638,127
2025-01-21,59.0,64.0,117.0,4728,54
2025-01-22,62.0,97.0,52.0,4717,83
2025-01-23,91.0,75.0,97.0,4621,174
2025-01-24,91.0,75.0,97.0,4494,177
2025-01-25,91.0,75.0,97.0,4368,179
2025-01-26,29.0,51.0,11.0,4241,182
2025-01-27,33.0,53.0,34.0,4161,127
2025-01-28,32.0,49.0,39.0,4096,101
2025-01-29,32.0,50.0,39.0,4036,99
2025-01-30,47.0,42.0,47.0,3923,159
2025-01-31,47.0,42.0,47.0,3776,162
2025-02-01,47.0,42.0,47.0,3630,165
2025-02-02,20.0,22.0,41.0,3483,168
2025-02-03,23.0,45.0,11.0,3403,102
2025-02-04,34.0,54.0,29.0,3359,74
2025-02-05,26.0,36.0,36.0,3290,104
2025-02-06,25.0,32.0,27.0,3181,145
2025-02-07,25.0,32.0,27.0,3080,130
2025-02-08,25.0,32.0,27.0,2979,114
2025-02-09,15.0,13.0,23.0,2878,99
2025-02-10,16.0,18.0,15.0,2834,63
2025-02-11,11.0,22.0,12.0,2799,50
2025-02-12,16.0,20.0,20.0,2752,66
2025-02-13,15.0,10.0,23.0,2703,72
2025-02-14,15.0,10.0,23.0,2660,58
2025-02-15,15.0,10.0,23.0,2618,44
2025-02-16,15.0,10.0,23.0,2575,29
2025-02-17,8.0,17.0,14.0,2532,15
2025-02-18,18.0,19.0,11.0,2536,9
2025-02-19,12.0,17.0,17.0,2528,19
2025-02-20,13.0,25.0,15.0,2520,32
2025-02-21,13.0,25.0,15.0,2488,33
2025-02-22,13.0,25.0,15.0,2455,34
2025-02-23,7.0,16.0,8.0,2423,35
2025-02-24,20.0,22.0,14.0,2413,24
2025-02-25,11.0,7.0,7.0,2413,23
2025-02-26,12.0,21.0,1.0,2411,23
2025-02-27,10.0,15.0,17.0,2391,37
2025-02-28,10.0,15.0,17.0,2360,35
2025-03-01,10.0,15.0,17.0,2328,33
2025-03-02,12.0,24.0,4.0,2297,31
2025-03-03,8.0,29.0,18.0,2287,25
2025-03-04,4.0,25.0,10.0,2272,30
2025-03-05,5.0,20.0,4.0,2238,40
2025-03-06,7.0,27.0,6.0,2218,33
2025-03-07,7.0,27.0,6.0,2191,32
2025-03-08,7.0,27.0,6.0,2164,31
2025-03-09,12.0,25.0,15.0,2137,30
2025-03-10,6.0,28.0,8.0,2125,23
2025-03-11,3.0,11.0,7.0,2116,20
2025-03-12,6.0,18.0,2.0,2113,8
2025-03-13,4.0,20.0,9.0,2116,6
2025-03-14,4.0,20.0,9.0,2116,6
2025-03-15,4.0,20.0,9.0,2117,5
2025-03-16,1.0,9.0,8.0,2117,5
2025-03-17,5.0,14.0,0.0,2111,8
2025-03-18,19.0,34.0,6.0,2109,8
2025-03-19,6.0,22.0,14.0,2119,9
2025-03-20,9.0,20.0,11.0,2124,7
2025-03-21,9.0,20.0,11.0,2128,5
2025-03-22,9.0,20.0,11.0,2132,4
2025-03-23,15.0,29.0,9.0,2136,2
2025-03-24,7.0,13.0,11.0,2139,7
2025-03-25,12.0,19.0,7.0,2145,6
2025-03-26,9.0,21.0,15.0,2159,2
2025-03-27,1.0,19.0,13.0,2159,2
2025-03-28,1.0,19.0,13.0,2169,2
2025-03-29,1.0,19.0,13.0,2178,2
2025-03-30,9.0,20.0,5.0,2188,2
2025-03-31,9.0,25.0,8.0,2193,5
2025-04-01,17.0,36.0,7.0,2191,12
2025-04-02,5.0,31.0,16.0,2208,3
2025-04-03,12.0,26.0,18.0,2223,8
2025-04-04,12.0,26.0,18.0,2227,9
2025-04-05,12.0,26.0,18.0,2230,10
2025-04-06,7.0,14.0,7.0,2234,11
2025-04-07,12.0,22.0,9.0,2237,5
2025-04-08,12.0,34.0,12.0,2243,9
2025-04-09,6.0,19.0,10.0,2251,5
2025-04-10,18.0,25.0,17.0,2265,6
2025-04-11,8.0,22.0,8.0,2267,9
2025-04-12,8.0,22.0,8.0,2275,6
2025-04-13,5.0,26.0,10.0,2283,3
2025-04-14,5.0,26.0,9.0,2282,13
2025-04-15,4.0,19.0,12.0,2286,7
2025-04-16,11.0,30.0,5.0,2291,8
2025-04-17,7.0,26.0,10.0,2288,14
2025-04-18,7.0,26.0,10.0,2294,11
2025-04-19,7.0,26.0,10.0,2299,7
2025-04-20,4.0,15.0,6.0,2305,4
2025-04-21,10.0,25.0,5.0,2308,6
2025-04-22,7.0,19.0,14.0,2305,17
2025-04-23,3.0,23.0,4.0,2300,11
2025-04-24,3.0,9.0,7.0,2294,13
2025-04-25,3.0,9.0,7.0,2296,10
2025-04-26,3.0,9.0,7.0,2299,7
2025-04-27,9.0,40.0,12.0,2301,4
2025-04-28,6.0,26.0,12.0,2307,8
2025-04-29,11.0,25.0,11.0,2304,15
2025-04-30,7.0,34.0,9.0,2309,12
2025-05-01,13.0,32.0,14.0,2306,16
2025-05-02,13.0,32.0,14.0,2316,12
2025-05-03,13.0,32.0,14.0,2325,9
2025-05-04,9.0,31.0,10.0,2335,5
2025-05-05,15.0,44.0,20.0,2331,17
2025-05-06,10.0,33.0,16.0,2339,16
2025-05-07,10.0,30.0,15.0,2335,10
2025-05-08,15.0,24.0,16.0,2361,11
2025-05-09,15.0,24.0,16.0,2369,8
2025-05-10,15.0,24.0,16.0,2377,6
2025-05-11,15.0,20.0,12.0,2385,3
2025-05-12,7.0,33.0,14.0,2392,7
2025-05-13,18.0,29.0,12.0,2394,11
2025-05-14,7.0,30.0,14.0,2394,11
2025-05-15,15.0,31.0,14.0,2410,14
2025-05-16,15.0,31.0,14.0,2419,12
2025-05-17,15.0,31.0,14.0,2428,11
2025-05-18,13.0,28.0,14.0,2437,9
2025-05-19,7.0,27.0,17.0,2457,6
2025-05-20,7.0,27.0,17.0,2462,12
2025-05-21,14.0,62.0,13.0,2467,18
2025-05-22,18.0,36.0,17.0,2473,15
2025-05-23,18.0,36.0,17.0,2479,14
2025-05-24,18.0,36.0,17.0,2485,13
2025-05-25,18.0,36.0,17.0,2492,13
2025-05-26,,,,2498,12
2025-05-27,6.0,24.0,7.0,2504,11
2025-05-28,12.0,39.0,12.0,2499,14
2025-05-29,13.0,38.0,15.0,2506,11
2025-05-30,13.0,38.0,15.0,2513,11
2025-05-31,13.0,38.0,15.0,2521,12
2025-06-01,8.0,24.0,16.0,2528,12
2025-06-02,10.0,19.0,5.0,2518,16
2025-06-03,5.0,23.0,11.0,2519,15
2025-06-04,4.0,16.0,9.0,2516,16
2025-06-05,8.0,26.0,5.0,2503,21
2025-06-06,8.0,26.0,5.0,2504,18
2025-06-07,8.0,26.0,5.0,2506,16
2025-06-08,10.0,16.0,15.0,2507,13
2025-06-09,8.0,21.0,14.0,2516,9
2025-06-10,17.0,28.0,7.0,2511,12
2025-06-11,17.0,28.0,7.0,2513,12
2025-06-12,17.0,28.0,7.0,2514,13
2025-06-13,17.0,28.0,7.0,2516,13
2025-06-14,,,,2518,13
2025-06-15,,,,2520,13
2025-06-16,,,,2521,14
2025-06-17,7.0,24.0,10.0,2523,14
2025-06-18,7.0,24.0,10.0,2512,16
2025-06-19,8.0,19.0,7.0,2501,18
2025-06-20,8.0,19.0,7.0,2503,14
2025-06-21,8.0,19.0,7.0,2506,11
2025-06-22,7.0,13.0,5.0,2508,7
2025-06-23,3.0,15.0,5.0,2495,17
2025-06-24,5.0,20.0,5.0,2489,16
2025-06-25,6.0,12.0,2.0,2470,24
2025-06-26,3.0,9.0,7.0,2447,35
2025-06-27,3.0,9.0,7.0,2436,30
2025-06-28,3.0,9.0,7.0,2424,25
2025-06-29,5.0,17.0,7.0,2413,20
2025-06-30,9.0,22.0,8.0,2407,16
2025-07-01,7.0,14.0,6.0,2391,22
2025-07-02,8.0,20.0,9.0,2373,38
2025-07-03,8.0,20.0,9.0,2363,30
2025-07-04,8.0,20.0,9.0,2352,23
2025-07-05,8.0,20.0,9.0,2342,16
2025-07-06,4.0,17.0,2.0,2332,8
2025-07-07,3.0,18.0,8.0,2317,20
2025-07-08,5.0,16.0,8.0,2306,20
2025-07-09,2.0,18.0,0.0,2281,32
2025-07-10,2.0,12.0,3.0,2252,39
2025-07-11,2.0,12.0,3.0,2236,29
2025-07-12,2.0,12.0,3.0,2220,20
2025-07-13,1.0,13.0,4.0,2204,10
2025-07-14,2.0,9.0,1.0,2181,26
2025-07-15,0.0,8.0,5.0,2171,17
2025-07-16,1.0,9.0,0.0,2164,11
2025-07-17,3.0,16.0,2.0,2153,17
2025-07-18,3.0,16.0,2.0,2145,17
2025-07-19,3.0,16.0,2.0,2137,16
2025-07-20,3.0,16.0,2.0,2129,16
2025-07-21,4.0,18.0,7.0,2121,16
2025-07-22,5.0,13.0,3.0,2117,16
2025-07-23,6.0,21.0,5.0,2111,14
2025-07-24,6.0,18.0,7.0,2096,29
2025-07-25,6.0,18.0,7.0,2093,21
2025-07-26,6.0,18.0,7.0,2091,12
2025-07-27,1.0,12.0,2.0,2088,4
2025-07-28,2.0,9.0,3.0,2080,14
2025-07-29,2.0,8.0,3.0,2072,12
2025-07-30,4.0,15.0,4.0,2063,16
2025-07-31,2.0,9.0,6.0,2058,15
2025-08-01,2.0,9.0,6.0,2055,12
2025-08-02,2.0,9.0,6.0,2052,8
2025-08-03,5.0,26.0,3.0,2049,5
2025-08-04,5.0,22.0,11.0,2040,14
2025-08-05,2.0,21.0,10.0,2042,14
2025-08-06,4.0,17.0,3.0,2036,13
2025-08-07,4.0,18.0,6.0,2031,17
2025-08-08,4.0,18.0,6.0,2023,15
2025-08-09,4.0,18.0,6.0,2014,14
2025-08-10,0.0,18.0,8.0,2006,12
2025-08-11,6.0,23.0,4.0,1999,16
2025-08-12,8.0,38.0,9.0,1999,9
2025-08-13,6.0,22.0,12.0,1997,17
2025-08-14,3.0,27.0,4.0,1994,11
2025-08-15,3.0,27.0,4.0,1993,8
2025-08-16,3.0,27.0,4.0,1992,6
2025-08-17,4.0,14.0,2.0,1991,3
2025-08-18,4.0,20.0,6.0,1985,14
2025-08-19,5.0,35.0,3.0,1980,11
2025-08-20,10.0,38.0,10.0,1983,10
2025-08-21,6.0,49.0,8.0,1972,21
2025-08-22,6.0,49.0,8.0,1975,16
2025-08-23,6.0,49.0,8.0,1978,10
2025-08-24,4.0,21.0,5.0,1981,5
2025-08-25,8.0,30.0,8.0,1980,11
2025-08-26,10.0,21.0,20.0,1989,15
2025-08-27,5.0,19.0,9.0,1988,19
2025-08-28,8.0,33.0,6.0,1984,17
2025-08-29,8.0,33.0,6.0,1990,14
2025-08-30,8.0,33.0,6.0,1997,11
2025-08-31,8.0,33.0,6.0,2004,8
2025-09-01,10.0,29.0,17.0,2010,5
2025-09-02,6.0,35.0,9.0,2020,9
2025-09-03,4.0,29.0,11.0,2019,10
2025-09-04,11.0,40.0,2.0,2015,14
2025-09-05,11.0,40.0,2.0,2019,12
2025-09-06,11.0,40.0,2.0,2022,9
2025-09-07,4.0,19.0,9.0,2026,7
2025-09-08,7.0,25.0,5.0,2025,6
2025-09-09,18.0,42.0,11.0,2023,14
2025-09-10,10.0,47.0,14.0,2025,18
2025-09-11,12.0,38.0,29.0,2047,6
2025-09-12,12.0,38.0,29.0,2059,6
2025-09-13,12.0,38.0,29.0,2071,5
2025-09-14,7.0,39.0,13.0,2083,5
2025-09-15,9.0,47.0,10.0,2086,10
2025-09-16,7.0,28.0,17.0,2095,12
2025-09-17,7.0,38.0,5.0,2096,13
2025-09-18,20.0,52.0,11.0,2096,14
2025-09-19,20.0,52.0,11.0,2109,11
2025-09-20,20.0,52.0,11.0,2121,8
2025-09-21,8.0,35.0,13.0,2134,5
2025-09-22,17.0,40.0,14.0,2141,10
2025-09-23,11.0,36.0,10.0,2145,15
2025-09-24,3.0,38.0,12.0,2138,17
2025-09-25,6.0,35.0,12.0,2132,18
2025-09-26,6.0,35.0,12.0,2137,15
2025-09-27,6.0,35.0,12.0,2141,12
2025-09-28,11.0,29.0,12.0,2146,9
2025-09-29,8.0,35.0,12.0,2148,13
2025-09-30,8.0,32.0,12.0,2159,7
2025-10-01,4.0,33.0,12.0,2163,14
2025-10-02,20.0,51.0,15.0,2164,16
2025-10-03,20.0,51.0,15.0,2169,16
2025-10-04,20.0,51.0,15.0,2175,16
2025-10-05,8.0,28.0,13.0,2180,16
2025-10-06,5.0,33.0,15.0,2187,10
2025-10-07,11.0,45.0,4.0,2189,10
2025-10-08,8.0,49.0,15.0,2192,17
2025-10-09,11.0,55.0,13.0,2192,12
2025-10-10,11.0,55.0,13.0,2200,10
2025-10-11,11.0,55.0,13.0,2208,9
2025-10-12,11.0,55.0,13.0,2215,8
2025-10-13,8.0,24.0,7.0,2223,6
2025-10-14,7.0,30.0,16.0,2235,8
2025-10-15,8.0,29.0,10.0,2225,15
2025-10-16,9.0,33.0,15.0,2233,9
2025-10-17,9.0,33.0,15.0,2234,8
2025-10-18,9.0,33.0,15.0,2236,8
2025-10-19,9.0,34.0,17.0,2237,7
2025-10-20,10.0,39.0,6.0,2243,7
2025-10-21,13.0,39.0,17.0,2251,9
2025-10-22,12.0,42.0,13.0,2261,12
2025-10-23,4.0,27.0,26.0,2266,18
2025-10-24,4.0,27.0,26.0,2269,15
2025-10-25,4.0,27.0,26.0,2273,13
2025-10-26,4.0,35.0,12.0,2276,10
2025-10-27,2.0,31.0,8.0,2282,11
2025-10-28,6.0,22.0,11.0,2286,6
2025-10-29,6.0,25.0,4.0,2280,17
2025-10-30,3.0,17.0,14.0,2287,12
2025-10-31,3.0,17.0,14.0,2284,10
2025-11-01,3.0,17.0,14.0,2280,9
2025-11-02,5.0,21.0,10.0,2277,7
2025-11-03,3.0,28.0,5.0,2269,12
2025-11-04,6.0,33.0,6.0,2270,8
2025-11-05,8.0,41.0,8.0,2272,7
2025-11-06,6.0,33.0,9.0,2264,19
2025-11-07,6.0,33.0,9.0,2274,14
2025-11-08,6.0,33.0,9.0,2284,9
2025-11-09,11.0,33.0,5.0,2294,4
2025-11-10,11.0,33.0,5.0,2294,9
2025-11-11,11.0,39.0,12.0,2294,14
2025-11-12,14.0,48.0,20.0,2302,7
2025-11-13,6.0,26.0,16.0,2317,5
2025-11-14,6.0,26.0,16.0,2325,5
2025-11-15,6.0,26.0,16.0,2332,5
2025-11-16,5.0,22.0,3.0,2340,5
2025-11-17,1.0,35.0,6.0,2343,8
2025-11-18,2.0,38.0,8.0,2345,12
2025-11-19,7.0,32.0,3.0,2340,10
2025-11-20,18.0,57.0,8.0,2340,9
2025-11-21,18.0,57.0,8.0,2352,6
2025-11-22,18.0,57.0,8.0,2363,4
2025-11-23,3.0,46.0,22.0,2375,1
2025-11-24,9.0,40.0,9.0,2371,13
2025-11-25,6.0,47.0,14.0,2375,11
2025-11-26,6.0,47.0,14.0,2382,9
2025-11-27,4.0,24.0,8.0,2389,7
2025-11-28,4.0,24.0,8.0,2398,5
2025-11-29,4.0,24.0,8.0,2406,2
2025-11-30,4.0,18.0,10.0,2415,0
2025-12-01,4.0,26.0,4.0,2410,9
2025-12-02,7.0,34.0,6.0,2407,8
2025-12-03,4.0,32.0,8.0,2419,7
2025-12-04,16.0,39.0,7.0,2418,13
2025-12-05,16.0,39.0,7.0,2422,13
2025-12-06,16.0,39.0,7.0,2425,12
2025-12-07,4.0,24.0,13.0,2429,12
2025-12-08,9.0,27.0,9.0,2440,4
2025-12-09,4.0,30.0,7.0,2443,8
2025-12-10,10.0,54.0,5.0,2439,9
2025-12-11,7.0,47.0,9.0,2437,10
2025-12-12,7.0,47.0,9.0,2445,9
2025-12-13,7.0,47.0,9.0,2454,9
2025-12-14,8.0,35.0,4.0,2462,8
2025-12-15,11.0,42.0,9.0,2470,7
2025-12-16,8.0,54.0,15.0,2468,9
2025-12-17,7.0,31.0,11.0,2481,10
2025-12-18,11.0,50.0,6.0,2472,16
2025-12-19,11.0,50.0,6.0,2476,15
2025-12-20,11.0,50.0,6.0,2480,15
2025-12-21,6.0,18.0,11.0,2484,14
2025-12-22,8.0,26.0,4.0,2480,12
2025-12-23,8.0,26.0,4.0,2474,11
2025-12-24,8.0,26.0,4.0,2468,9
2025-12-25,8.0,26.0,4.0,2462,8
2025-12-26,,,,2456,7
2025-12-27,,,,2450,5
2025-12-28,3.0,30.0,2.0,2444,4
2025-12-29,2.0,26.0,1.0,2444,6
2025-12-30,6.0,35.0,5.0,2442,7
2025-12-31,6.0,35.0,5.0,2448,6
2026-01-01,2.0,18.0,2.0,2454,5
2026-01-02,2.0,18.0,2.0,2453,5
2026-01-03,2.0,18.0,2.0,2453,5
2026-01-04,3.0,21.0,5.0,2452,5
2026-01-05,5.0,29.0,2.0,2450,4
2026-01-06,4.0,13.0,4.0,2450,7
2026-01-07,2.0,18.0,4.0,2452,5
2026-01-08,2.0,18.0,7.0,2453,6
2026-01-09,2.0,18.0,7.0,2454,6
2026-01-10,2.0,18.0,7.0,2454,5
2026-01-11,1.0,18.0,2.0,2455,5
2026-01-12,3.0,14.0,3.0,2452,8
2026-01-13,1.0,26.0,3.0,2453,5
2026-01-14,8.0,23.0,5.0,2453,11
2026-01-15,5.0,24.0,10.0,2457,10
2026-01-16,5.0,24.0,10.0,2458,9
2026-01-17,5.0,24.0,10.0,2460,8
2026-01-18,5.0,24.0,10.0,2462,8
2026-01-19,4.0,23.0,6.0,2463,7
2026-01-20,9.0,30.0,7.0,2460,11
2026-01-21,6.0,28.0,10.0,2465,4
2026-01-22,3.0,30.0,8.0,2466,13
2026-01-23,3.0,30.0,8.0,2463,9
2026-01-24,3.0,30.0,8.0,2461,6
2026-01-25,7.0,27.0,9.0,2458,2
2026-01-26,5.0,16.0,5.0,2457,9
2026-01-27,2.0,18.0,4.0,2456,6
2026-01-28,9.0,36.0,6.0,2449,15
2026-01-29,6.0,25.0,9.0,2445,11
2026-01-30,6.0,25.0,9.0,2436,15
2026-01-31,6.0,25.0,9.0,2428,18
2026-02-01,2.0,26.0,7.0,2419,22
2026-02-02,3.0,28.0,5.0,2413,17
2026-02-03,3.0,37.0,4.0,2402,17
2026-02-04,1.0,21.0,8.0,2396,14
2026-02-05,4.0,30.0,3.0,2385,21
2026-02-06,4.0,30.0,3.0,2378,17
2026-02-07,4.0,30.0,3.0,2371,13
2026-02-08,1.0,14.0,4.0,2364,9
2026-02-09,10.0,24.0,2.0,2358,14
2026-02-10,8.0,20.0,9.0,2357,8
2026-02-11,8.0,20.0,9.0,2350,10
2026-02-12,5.0,27.0,5.0,2343,12
2026-02-13,5.0,27.0,5.0,2338,10
2026-02-14,5.0,27.0,5.0,2334,9
2026-02-15,5.0,27.0,5.0,2329,8
2026-02-16,2.0,18.0,4.0,2324,6
2026-02-17,5.0,25.0,3.0,2319,12
2026-02-18,6.0,21.0,1.0,2314,10
2026-02-19,3.0,31.0,11.0,2315,14
2026-02-20,3.0,31.0,11.0,2316,13
2026-02-21,3.0,31.0,11.0,2316,11
2026-02-22,5.0,23.0,8.0,2317,10
2026-02-23,3.0,20.0,5.0,2313,10
2026-02-24,4.0,34.0,4.0,2310,11
2026-02-25,4.0,29.0,5.0,2305,11
2026-02-26,4.0,19.0,4.0,2298,12
2026-02-27,4.0,19.0,4.0,2292,12
2026-02-28,4.0,19.0,4.0,2287,13
2026-03-01,7.0,28.0,8.0,2281,13
2026-03-02,2.0,21.0,6.0,2282,8
2026-03-03,7.0,28.0,6.0,2277,12
2026-03-04,3.0,39.0,5.0,2260,25
2026-03-05,3.0,31.0,5.0,2256,14
2026-03-06,3.0,31.0,5.0,2246,12
2026-03-07,3.0,31.0,5.0,2237,9
2026-03-08,3.0,24.0,4.0,2227,7
2026-03-09,3.0,20.0,3.0,2218,14
2026-03-10,3.0,28.0,6.0,2200,25
2026-03-11,7.0,43.0,3.0,2193,14
2026-03-12,5.0,40.0,11.0,2188,16
2026-03-13,5.0,40.0,11.0,2180,13
2026-03-14,5.0,40.0,11.0,2173,10
2026-03-15,2.0,37.0,3.0,2165,7
2026-03-16,3.0,41.0,5.0,2154,12
2026-03-17,1.0,26.0,5.0,2144,18
2026-03-18,2.0,21.0,4.0,2134,17
2026-03-19,5.0,35.0,1.0,2130,9
2026-03-20,5.0,35.0,1.0,2132,8
2026-03-21,5.0,35.0,1.0,2135,7
2026-03-22,2.0,31.0,10.0,2137,6
2026-03-23,3.0,19.0,7.0,2137,6
2026-03-24,5.0,24.0,8.0,2109,14
2026-03-25,4.0,36.0,9.0,2109,14
2026-03-26,5.0,25.0,4.0,2104,11
2026-03-27,5.0,25.0,4.0,2096,11
2026-03-28,5.0,25.0,4.0,2088,10
2026-03-29,3.0,32.0,10.0,2080,10
2026-03-30,4.0,35.0,5.0,2077,9
2026-03-31,4.0,46.0,4.0,2078,5
2026-04-01,2.0,16.0,6.0,2071,13
2026-04-02,4.0,29.0,5.0,2068,6
2026-04-03,4.0,29.0,5.0,2064,7
2026-04-04,4.0,29.0,5.0,2059,8
2026-04-05,2.0,16.0,6.0,2055,9
2026-04-06,1.0,19.0,3.0,2047,11
2026-04-07,3.0,33.0,7.0,2034,19
2026-04-08,7.0,40.0,2.0,2024,13
2026-04-09,3.0,31.0,5.0,2023,10
2026-04-10,3.0,31.0,5.0,2016,10
2026-04-11,3.0,31.0,5.0,2010,9
2026-04-12,2.0,39.0,7.0,2003,9
2026-04-13,8.0,35.0,3.0,1989,17
2026-04-14,6.0,26.0,9.0,1987,13
2026-04-15,2.0,42.0,4.0,1973,21
2026-04-16,4.0,36.0,8.0,1949,28
2026-04-17,4.0,36.0,8.0,1943,21
2026-04-18,4.0,36.0,8.0,1938,14
2026-04-19,4.0,31.0,5.0,1932,7
2026-04-20,6.0,39.0,2.0,1931,5
2026-04-21,6.0,49.0,5.0,1925,14
2026-04-22,7.0,32.0,14.0,1922,13
2026-04-23,5.0,21.0,10.0,1926,14
2026-04-24,5.0,21.0,10.0,1919,13
2026-04-25,5.0,21.0,10.0,1913,11
2026-04-26,4.0,24.0,11.0,1906,10
2026-04-27,10.0,34.0,6.0,1898,16
2026-04-28,5.0,32.0,8.0,1887,17
2026-04-29,10.0,31.0,14.0,1890,8
2026-04-30,5.0,27.0,7.0,1883,18
2026-05-01,5.0,27.0,7.0,1878,17
2026-05-02,5.0,27.0,7.0,1872,16
2026-05-03,5.0,21.0,11.0,1867,15
2026-05-04,7.0,28.0,8.0,1860,14
2026-05-05,13.0,33.0,7.0,1861,12
2026-05-06,14.0,51.0,15.0,1867,11
2026-05-07,5.0,33.0,17.0,1870,16
2026-05-08,5.0,33.0,17.0,1859,15
2026-05-09,5.0,33.0,17.0,1848,15
2026-05-10,4.0,28.0,7.0,1837,14
2026-05-11,9.0,27.0,6.0,1829,18
2026-05-12,4.0,23.0,15.0,1832,11
2026-05-13,10.0,37.0,5.0,1822,19
2026-05-14,3.0,27.0,14.0,1812,17
2026-05-15,3.0,27.0,14.0,1801,15
2026-05-16,3.0,27.0,14.0,1790,12
2026-05-17,20.0,50.0,9.0,1779,10
2026-05-18,6.0,32.0,23.0,1785,12
2026-05-19,9.0,39.0,8.0,1784,14
2026-05-20,10.0,37.0,12.0,1769,22
2026-05-21,4.0,22.0,11.0,1766,19
2026-05-22,4.0,22.0,11.0,1764,16
2026-05-23,4.0,22.0,11.0,1762,13
2026-05-24,4.0,22.0,11.0,1759,10
2026-05-25,17.0,37.0,9.0,1757,7
2026-05-26,5.0,31.0,15.0,1764,4
2026-05-27,7.0,43.0,7.0,1771,8
2026-05-28,8.0,38.0,14.0,1773,7
2026-05-29,8.0,38.0,14.0,1769,9
2026-05-30,8.0,38.0,14.0,1765,10
2026-05-31,8.0,27.0,12.0,1761,12
2026-06-01,9.0,30.0,11.0,1765,10
2026-06-02,7.0,30.0,12.0,1777,5
2026-06-03,7.0,35.0,8.0,1769,16
2026-06-04,3.0,36.0,9.0,1769,13
2026-06-05,3.0,36.0,9.0,1765,11
2026-06-06,3.0,36.0,9.0,1761,9
2026-06-07,9.0,53.0,4.0,1757,7
2026-06-08,9.0,34.0,10.0,1761,6
2026-06-09,14.0,50.0,14.0,1767,8
2026-06-10,14.0,64.0,12.0,1758,18
2026-06-11,11.0,56.0,14.0,1765,8
2026-06-12,11.0,56.0,14.0,1768,7
2026-06-13,11.0,56.0,14.0,1771,7
2026-06-14,9.0,10.0,40.0,1774,6
2026-06-15,9.0,47.0,11.0,1784,3
2026-06-16,6.0,49.0,10.0,1783,11
2026-06-17,13.0,45.0,4.0,1783,9
2026-06-18,13.0,45.0,4.0,1784,7
2026-06-19,13.0,45.0,4.0,1785,6
2026-06-20,13.0,45.0,4.0,1786,4
2026-06-21,9.0,36.0,8.0,1787,2
2026-06-22,11.0,15.0,24.0,1806,3
2026-06-23,7.0,37.0,8.0,1811,6
2026-06-24,15.0,51.0,7.0,1808,17
2026-06-25,5.0,38.0,16.0,1813,9
2026-06-26,5.0,38.0,16.0,1818,8
2026-06-27,5.0,38.0,16.0,1822,6
2026-06-28,11.0,43.0,7.0,1827,5
2026-06-29,6.0,28.0,15.0,1831,11
2026-06-30,8.0,30.0,11.0,1829,18
2026-07-01,4.0,30.0,7.0,1834,8
2026-07-02,4.0,30.0,7.0,1836,8
2026-07-03,4.0,30.0,7.0,1837,7
2026-07-04,4.0,30.0,7.0,1838,6
2026-07-05,6.0,18.0,12.0,1840,6
2026-07-06,13.0,37.0,5.0,1841,6
2026-07-07,14.0,32.0,17.0,1850,11
2026-07-08,8.0,31.0,9.0,1839,22
2026-07-09,7.0,32.0,11.0,1837,18
2026-07-10,7.0,32.0,11.0,1841,14
2026-07-11,7.0,32.0,11.0,1846,10
2026-07-12,8.0,19.0,14.0,1850,6
2026-07-13,5.0,19.0,12.0,1857,11
2026-07-14,9.0,26.0,5.0,1853,11
2026-07-15,19.0,29.0,19.0,1856,14
2026-07-16,9.0,26.0,21.0,1863,19
2026-07-17,9.0,26.0,21.0,1861,14
2026-07-18,9.0,26.0,21.0,1859,10
2026-07-19,19.0,30.0,8.0,1857,5
2026-07-20,3.0,24.0,15.0,1860,11
2026-07-21,11.0,25.0,17.0,1870,10
2026-07-22,6.0,23.0,10.0,1874,9
2026-07-23,7.0,17.0,7.0,1868,16
2026-07-24,7.0,17.0,7.0,1871,13
2026-07-25,7.0,17.0,7.0,1875,10
2026-07-26,5.0,26.0,12.0,1878,7
2026-07-27,12.0,37.0,14.0,1887,7
2026-07-28,3.0,30.0,15.0,1884,17
2026-07-29,9.0,39.0,9.0,1888,10
2026-07-30,4.0,29.0,5.0,1882,15
2026-07-31,4.0,29.0,5.0,1887,12
2026-08-01,4.0,29.0,5.0,1891,8
2026-08-02,5.0,35.0,3.0,1896,5
2026-08-03,9.0,29.0,12.0,1894,12
2026-08-04,12.0,35.0,12.0,1889,21
2026-08-05,7.0,27.0,12.0,1880,18
2026-08-06,14.0,28.0,14.0,1874,23
2026-08-07,14.0,28.0,14.0,1871,19
2026-08-08,14.0,28.0,14.0,1869,16
2026-08-09,6.0,23.0,7.0,1866,12
2026-08-10,6.0,22.0,6.0,1859,15
2026-08-11,12.0,46.0,6.0,1848,19
2026-08-12,14.0,47.0,20.0,1861,10
2026-08-13,9.0,30.0,15.0,1855,17
2026-08-14,9.0,30.0,15.0,1858,12
2026-08-15,9.0,30.0,15.0,1860,7
2026-08-16,5.0,23.0,16.0,1863,2
2026-08-17,8.0,30.0,4.0,1865,10
2026-08-18,13.0,45.0,13.0,1866,12
2026-08-19,10.0,34.0,16.0,1874,12
2026-08-20,7.0,31.0,15.0,1880,9
2026-08-21,7.0,31.0,15.0,1884,9
2026-08-22,7.0,31.0,15.0,1889,10
2026-08-23,7.0,36.0,9.0,1893,10
2026-08-24,7.0,37.0,7.0,1889,15
2026-08-25,7.0,38.0,10.0,1883,17
2026-08-26,9.0,32.0,13.0,1887,13
2026-08-27,2.0,16.0,12.0,1887,9
2026-08-28,2.0,16.0,12.0,1885,13
2026-08-29,2.0,16.0,12.0,1883,16
2026-08-30,4.0,32.0,11.0,1881,20
2026-08-31,6.0,31.0,8.0,1882,12
2026-09-01,6.0,31.0,8.0,1876,13
2026-09-02,6.0,31.0,8.0,1870,14
2026-09-03,8.0,29.0,8.0,1864,15
2026-09-04,8.0,29.0,8.0,1863,13
2026-09-05,8.0,29.0,8.0,1862,11
2026-09-06,4.0,25.0,10.0,1861,9
2026-09-07,4.0,19.0,6.0,1856,12
2026-09-08,16.0,29.0,3.0,1854,9
2026-09-09,10.0,32.0,21.0,1861,13
2026-09-10,10.0,32.0,21.0,1861,12
2026-09-11,10.0,32.0,21.0,1862,10
2026-09-12,10.0,32.0,21.0,1862,9
2026-09-13,9.0,24.0,7.0,1862,8
2026-09-14,5.0,28.0,9.0,1858,14
2026-09-15,3.0,24.0,5.0,1853,13
2026-09-16,8.0,29.0,12.0,1848,14
2026-09-17,7.0,38.0,8.0,1836,17
2026-09-18,7.0,38.0,8.0,1835,15
2026-09-19,7.0,38.0,8.0,1833,12
2026-09-20,2.0,25.0,1.0,1832,10
