Date,Actual,Naive,MovingAvg_7,ExpSmoothing,SARIMA,RandomForest,GradientBoosting
2026-07-23,1868,1874,1863.4285714285713,1916.267023986315,1874.1514459862951,1868.1604031524025,1869.7229306406964
2026-07-24,1871,1874,1863.4285714285713,1916.0344705194366,1862.5121587019128,1866.0815384199132,1869.8156793272115
2026-07-25,1875,1874,1863.4285714285713,1883.6987405289397,1850.9087237055915,1865.9121396103892,1869.8156793272115
2026-07-26,1878,1874,1863.4285714285713,1829.809745608039,1839.201009188164,1865.679778499278,1869.9008918518562
2026-07-27,1887,1874,1863.4285714285713,1803.412709728264,1844.4217354521395,1866.2710820707064,1869.6576896937554
2026-07-28,1884,1874,1863.4285714285713,1831.5937080583185,1856.8407545232171,1866.2710820707068,1872.449449980251
2026-07-29,1888,1874,1863.4285714285713,1883.6104620926385,1862.464133849394,1866.2802487373733,1869.808143165341
2026-07-30,1882,1874,1863.4285714285713,1922.5649630855282,1861.7606307338524,1866.1758380230874,1869.808143165341
2026-07-31,1887,1874,1863.4285714285713,1922.3324096186498,1849.3150704795712,1865.7490939754684,1869.9008918518562
2026-08-01,1891,1874,1863.4285714285713,1889.9966796281528,1836.9512672922165,1863.8610723304469,1869.3666462552092
2026-08-02,1896,1874,1863.4285714285713,1836.1076847072522,1824.5264757952548,1863.158931457431,1869.3666462552092
2026-08-03,1894,1874,1863.4285714285713,1809.7106488274771,1829.0709515260778,1863.715889790764,1868.962533252967
2026-08-04,1889,1874,1863.4285714285713,1837.8916471575317,1840.8522220755315,1863.532806457431,1871.475253425063
2026-08-05,1880,1874,1863.4285714285713,1889.9084011918515,1845.8741627973827,1863.436806457431,1869.273897568694
2026-08-06,1874,1874,1863.4285714285713,1928.8629021847412,1844.6034637064554,1863.4173362193353,1869.273897568694
2026-08-07,1871,1874,1863.4285714285713,1928.630348717863,1831.6230005174777,1862.971306457431,1869.3666462552092
2026-08-08,1869,1874,1863.4285714285713,1896.2946187273658,1818.7547488467703,1862.8225147907642,1869.3666462552092
2026-08-09,1866,1874,1863.4285714285713,1842.4056238064652,1805.8542294076894,1862.8225147907642,1869.3666462552092
2026-08-10,1859,1874,1863.4285714285713,1816.0085879266903,1809.9500625468866,1863.4122231240974,1868.962533252967
2026-08-11,1848,1874,1863.4285714285713,1844.1895862567449,1821.3082337632968,1863.4122231240974,1871.475253425063
2026-08-12,1861,1874,1863.4285714285713,1896.2063402910646,1825.9311641170664,1863.5451397907643,1869.273897568694
2026-08-13,1855,1874,1863.4285714285713,1935.1608412839544,1824.2841721289335,1863.4831695526686,1869.273897568694
2026-08-14,1858,1874,1863.4285714285713,1934.9282878170761,1810.9488401049223,1863.0371397907643,1869.3666462552092
2026-08-15,1860,1874,1863.4285714285713,1902.592557826579,1797.7459238922766,1862.9433481240976,1869.3666462552092
2026-08-16,1863,1874,1863.4285714285713,1848.7035629056784,1784.5297938822634,1863.259369408369,1869.3666462552092
2026-08-17,1865,1874,1863.4285714285713,1822.3065270259033,1788.327985592503,1863.8842444083689,1868.962533252967
2026-08-18,1866,1874,1863.4285714285713,1850.4875253559578,1799.4054614571373,1863.9367444083691,1871.475253425063
2026-08-19,1874,1874,1863.4285714285713,1902.5042793902776,1803.7636777192413,1863.9459110750356,1869.808143165341
2026-08-20,1880,1874,1863.4285714285713,1941.4587803831673,1801.8670430138955,1864.1217146464637,1869.808143165341
2026-08-21,1884,1874,1863.4285714285713,1941.2262269162889,1788.296281565386,1864.7698677849924,1869.9008918518562
2026-08-22,1889,1874,1863.4285714285713,1908.890496925792,1774.8713399937053,1865.0748995310244,1869.9008918518562
2026-08-23,1893,1874,1863.4285714285713,1855.0015020048916,1761.4458255358495,1865.5252368326117,1869.9008918518562
2026-08-24,1889,1874,1863.4285714285713,1828.6044661251165,1765.0465540050025,1866.0934749278492,1869.6576896937554
2026-08-25,1883,1874,1863.4285714285713,1856.785464455171,1775.9378091069102,1866.09347492785,1872.449449980251
2026-08-26,1887,1874,1863.4285714285713,1908.8022184894908,1780.120406999338,1866.2378082611829,1869.808143165341
2026-08-27,1887,1874,1863.4285714285713,1947.7567194823805,1778.0581526750193,1866.1758380230867,1869.808143165341
2026-08-28,1885,1874,1863.4285714285713,1947.524166015502,1764.3312010839902,1865.7490939754684,1869.9008918518562
2026-08-29,1883,1874,1863.4285714285713,1915.188436025005,1750.7589619833602,1865.6416534992782,1869.9008918518562
2026-08-30,1881,1874,1863.4285714285713,1861.2994411041045,1737.1945363132818,1865.6416534992782,1869.9008918518562
2026-08-31,1882,1874,1863.4285714285713,1834.9024052243294,1740.6642624158724,1866.2286415945161,1869.6576896937554
2026-09-01,1876,1874,1863.4285714285713,1863.083403554384,1751.431973710406,1864.3987449494941,1872.7862135964824
2026-09-02,1870,1874,1863.4285714285713,1915.1001575887037,1755.4980617050285,1863.8983600288595,1870.5848577401134
2026-09-03,1864,1874,1863.4285714285713,1954.0546585815935,1753.3259309200826,1863.693086219335,1870.5848577401134
2026-09-04,1863,1874,1863.4285714285713,1953.8221051147152,1739.495358633925,1863.0639731240976,1870.6776064266285
2026-09-05,1862,1874,1863.4285714285713,1921.4863751242183,1725.8253984345479,1862.807931457431,1870.6776064266285
2026-09-06,1861,1874,1863.4285714285713,1867.5973802033177,1712.1688153713108,1862.850431457431,1870.6776064266285
2026-09-07,1856,1874,1863.4285714285713,1841.2003443235426,1715.5516310193252,1863.4401397907643,1870.2734934243863
2026-09-08,1854,1874,1863.4285714285713,1869.3813426535971,1726.2373800658422,1863.4122231240974,1872.7862135964824
2026-09-09,1861,1874,1863.4285714285713,1921.398096687917,1730.226172295154,1863.4513897907643,1870.5848577401134
2026-09-10,1861,1874,1863.4285714285713,1960.3525976808066,1727.9811465435675,1863.3894195526686,1870.5848577401134
2026-09-11,1862,1874,1863.4285714285713,1960.1200442139284,1714.0818295320018,1862.9433897907643,1870.6776064266285
2026-09-12,1862,1874,1863.4285714285713,1927.7843142234312,1700.3470385563826,1862.9162647907642,1870.6776064266285
2026-09-13,1862,1874,1863.4285714285713,1873.8953193025307,1686.6293158271826,1862.9162647907642,1870.6776064266285
2026-09-14,1858,1874,1863.4285714285713,1847.4982834227555,1689.9544727678558,1863.5059731240974,1870.2734934243863
2026-09-15,1853,1874,1863.4285714285713,1875.67928175281,1700.585845878883,1863.549056457431,1872.7862135964824
2026-09-16,1848,1874,1863.4285714285713,1927.69603578713,1704.5233580414586,1863.9234110750358,1870.5848577401134
2026-09-17,1836,1874,1863.4285714285713,1966.6505367800198,1702.229971830033,1863.8614408369397,1870.5848577401134
2026-09-18,1835,1874,1863.4285714285713,1966.4179833131416,1688.2850477390557,1863.4379110750358,1870.6776064266285
2026-09-19,1833,1874,1863.4285714285713,1934.0822533226444,1674.5072463020106,1863.281869408369,1871.2118520232755
2026-09-20,1832,1874,1863.4285714285713,1880.1932584017438,1660.7489618921256,1863.5196432178927,1871.2118520232755
